Player,2020-21,2021-22,2022-23,2023-24,2024-25,2025-26,2026-27,2027-28,2028-29,Guaranteed
Stephen Curry,43.006362,45.780966,48.070014,51.915615,55.761216,59.606817,-1.0,-1.0,-1.0,167.283648
Chris Paul,41.358814,30.8,28.4,30.8,30.0,-1.0,-1.0,-1.0,-1.0,15.8
Russell Westbrook,41.358814,44.211146,47.080179,3.835738,4.027525,-1.0,-1.0,-1.0,-1.0,7.863263
James Harden,41.25492,44.31084,33.0,35.64,-1.0,-1.0,-1.0,-1.0,-1.0,35.64
John Wall,41.25492,44.31084,47.34576,6.80295,-1.0,-1.0,-1.0,-1.0,-1.0,6.80295
Kevin Durant,40.10895,42.0189,44.119845,47.649433,51.179021,54.708609,-1.0,-1.0,-1.0,153.537063
LeBron James,39.219566,41.180544,44.474988,47.60735,51.415938,-1.0,-1.0,-1.0,-1.0,47.60735
Paul George,35.450412,39.34497,42.492492,45.640084,48.787676,-1.0,-1.0,-1.0,-1.0,45.640084
Klay Thompson,35.36136,37.98072,40.60008,43.21944,-1.0,-1.0,-1.0,-1.0,-1.0,43.21944
Mike Conley,34.502132,21.0,22.68,24.36,-1.0,-1.0,-1.0,-1.0,-1.0,14.32
Kemba Walker,34.3791,34.967442,37.281261,-1.0,-1.0,-1.0,-1.0,-1.0,-1.0,-1.0
Kawhi Leonard,34.3791,39.3449,42.492492,45.640084,48.787676,-1.0,-1.0,-1.0,-1.0,45.640084
Jimmy Butler,34.3791,36.0162,37.6533,45.18396,48.798677,52.413394,-1.0,-1.0,-1.0,93.982637
Tobias Harris,34.35885,35.99595,37.63305,39.27015,-1.0,-1.0,-1.0,-1.0,-1.0,39.27015
Blake Griffin,33.900241,32.405817,2.905851,-1.0,-1.0,-1.0,-1.0,-1.0,-1.0,-1.0
Kyrie Irving,33.72285,35.3287,38.917057,37.037037,40.0,42.962963,-1.0,-1.0,-1.0,77.037037
Khris Middleton,33.051724,35.5,37.984276,29.320988,31.666667,34.012345,-1.0,-1.0,-1.0,60.987655
Anthony Davis,32.742,35.36136,37.98072,40.60008,43.21944,-1.0,-1.0,-1.0,-1.0,40.60008
Damian Lillard,31.626953,39.3449,42.492492,45.640084,48.787676,58.545211,63.228828,-1.0,-1.0,152.972971
Kevin Love,31.258256,31.258256,30.556968,3.835738,4.027525,-1.0,-1.0,-1.0,-1.0,3.835738
Ben Simmons,30.5592,33.003936,35.448672,37.893408,40.338144,-1.0,-1.0,-1.0,-1.0,78.231552
Pascal Siakam,30.5592,33.003936,35.448672,37.893408,-1.0,-1.0,-1.0,-1.0,-1.0,37.893408
Kyle Lowry,30.5,26.984128,28.333334,29.68254,-1.0,-1.0,-1.0,-1.0,-1.0,29.68254
Steven Adams,29.592695,17.073171,17.926829,12.6,12.6,-1.0,-1.0,-1.0,-1.0,25.2
Nikola Jokic,29.54201,31.044906,33.047803,47.60735,51.415938,55.224526,59.033114,62.841702,-1.0,213.280928
Andrew Wiggins,29.54201,31.57939,33.61677,24.330357,26.276786,28.223215,30.169644,-1.0,-1.0,78.830358
Joel Embiid,29.54201,31.57939,33.61677,47.60735,51.415938,55.224526,59.033114,-1.0,-1.0,154.247814
Kristaps Porzingis,29.4678,31.6506,33.8334,36.0162,29.268293,30.731707,-1.0,-1.0,-1.0,96.0162
Karl-Anthony Towns,29.4678,31.6506,33.8334,36.0162,49.245,53.1846,57.1242,61.0638,-1.0,195.57
Devin Booker,29.4678,31.6506,33.8334,36.0162,49.7,53.676,57.652,61.628,-1.0,258.6722
CJ McCollum,29.354152,30.864198,33.333333,35.802469,33.333333,30.666666,-1.0,-1.0,-1.0,99.802468
Andre Drummond,28.751774,2.401537,3.2,3.36,-1.0,-1.0,-1.0,-1.0,-1.0,3.36
Bradley Beal,28.751774,33.7242,43.27925,46.74159,50.20393,53.66627,57.12861,-1.0,-1.0,150.61179
D'Angelo Russell,28.64925,30.0135,31.37775,17.307693,18.692307,-1.0,-1.0,-1.0,-1.0,36.0
Gordon Hayward,28.5,29.925,30.075,31.5,-1.0,-1.0,-1.0,-1.0,-1.0,31.5
Otto Porter,28.489239,2.389641,6.0,-1.0,-1.0,-1.0,-1.0,-1.0,-1.0,-1.0
DeMar DeRozan,27.739975,26.0,27.3,28.6,-1.0,-1.0,-1.0,-1.0,-1.0,28.6
Giannis Antetokounmpo,27.528088,39.3449,42.492492,45.640084,48.787676,51.935268,-1.0,-1.0,-1.0,94.42776
Rudy Gobert,27.525281,35.344828,38.172414,41.0,43.827586,46.655172,-1.0,-1.0,-1.0,84.827586
Al Horford,27.5,27.0,26.5,10.0,9.5,-1.0,-1.0,-1.0,-1.0,19.5
Jamal Murray,27.285,29.4678,31.6506,33.8334,36.0162,-1.0,-1.0,-1.0,-1.0,69.8496
Brandon Ingram,27.285,29.4678,31.6506,33.8334,36.0162,-1.0,-1.0,-1.0,-1.0,69.8496
Jrue Holiday,27.026011,31.171333,34.31952,36.861707,39.403894,-1.0,-1.0,-1.0,-1.0,36.861707
Nikola Vucevic,26.0,24.0,22.0,18.518519,20.0,21.481481,-1.0,-1.0,-1.0,60.0
Jaylen Brown,25.035118,26.758928,29.776785,31.830357,49.7,53.676,57.652,61.628,65.604,320.090357
Buddy Hield,24.931817,23.073234,21.17775,19.279841,-1.0,-1.0,-1.0,-1.0,-1.0,19.279841
Draymond Green,22.246956,24.026712,25.806468,22.321429,24.107143,25.892857,27.678571,-1.0,-1.0,100.0
Harrison Barnes,22.215909,20.284091,18.352273,17.0,18.0,19.0,-1.0,-1.0,-1.0,54.0
Fred VanVleet,21.25,19.675926,21.25,40.8063,42.846615,44.88693,-1.0,-1.0,-1.0,128.539845
Victor Oladipo,21.0,2.389641,8.75,9.45,-1.0,-1.0,-1.0,-1.0,-1.0,9.45
Malcolm Brogdon,20.7,21.7,22.6,22.5,22.5,-1.0,-1.0,-1.0,-1.0,45.0
Julius Randle,19.845,19.8,23.76,28.22688,30.31776,32.40864,-1.0,-1.0,-1.0,58.54464
Domantas Sabonis,19.8,18.5,21.1,30.6,41.8,44.936,48.072,51.208,-1.0,216.616
Gary Harris,19.610714,20.932143,13.0,13.0,-1.0,-1.0,-1.0,-1.0,-1.0,-1.0
Danilo Gallinari,19.5,20.475,19.479,6.80295,-1.0,-1.0,-1.0,-1.0,-1.0,6.80295
Zach LaVine,19.5,19.5,37.0965,40.06422,43.03194,45.99966,48.96738,-1.0,-1.0,129.09582
Jerami Grant,19.05,20.0025,20.955,27.586207,29.793104,32.000001,34.206898,36.41379,-1.0,123.58621
Tim Hardaway Jr,18.975,21.306816,19.602273,17.897728,16.193183,-1.0,-1.0,-1.0,-1.0,34.090911
Terry Rozier,18.9,17.905263,21.486316,23.205221,24.924126,26.643031,-1.0,-1.0,-1.0,74.772378
Aaron Gordon,18.136364,16.409091,20.690909,22.266182,23.841455,23.841455,-1.0,-1.0,-1.0,46.107637
Clint Capela,18.0,17.603448,18.206896,20.616,22.26528,-1.0,-1.0,-1.0,-1.0,42.88128
Bogdan Bogdanovic,18.0,18.0,18.0,18.7,17.26,16.02,16.02,-1.0,-1.0,51.98
Myles Turner,18.0,18.0,35.0965,20.975,19.9285,-1.0,-1.0,-1.0,-1.0,40.9035
Goran Dragic,18.0,19.348907,3.523762,-1.0,-1.0,-1.0,-1.0,-1.0,-1.0,-1.0
Bojan Bogdanovic,17.85,18.7,19.55,20.0,19.03285,-1.0,-1.0,-1.0,-1.0,20.0
LaMarcus Aldridge,17.62834,2.641691,-1.0,-1.0,-1.0,-1.0,-1.0,-1.0,-1.0,-1.0
Gorgui Dieng,17.587688,4.0,4.105236,-1.0,-1.0,-1.0,-1.0,-1.0,-1.0,-1.0
Evan Fournier,17.15,17.142857,18.0,18.857143,19.0,-1.0,-1.0,-1.0,-1.0,37.857143
Ricky Rubio,17.0,17.8,5.853659,6.146342,6.439025,-1.0,-1.0,-1.0,-1.0,10.396342
Eric Bledsoe,16.875,18.125,1.3,1.3,1.3,-1.0,-1.0,-1.0,-1.0,2.6
Eric Gordon,16.869267,18.218818,19.56836,3.196448,3.356271,-1.0,-1.0,-1.0,-1.0,3.196448
Caris LeVert,16.203704,17.5,18.796296,15.384616,16.615384,-1.0,-1.0,-1.0,-1.0,32.0
Joe Harris,16.071429,17.357143,18.642857,19.928571,-1.0,-1.0,-1.0,-1.0,-1.0,19.928571
James Johnson,16.0471,2.641691,3.841067,-1.0,-1.0,-1.0,-1.0,-1.0,-1.0,-1.0
Dennis Schroeder,15.5,5.89,2.641682,-1.0,-1.0,-1.0,-1.0,-1.0,-1.0,-1.0
Cody Zeller,15.41573,2.389641,0.743922,2.019706,-1.0,-1.0,-1.0,-1.0,-1.0,2.019706
Danny Green,15.365853,10.0,11.710528,-1.0,-1.0,-1.0,-1.0,-1.0,-1.0,-1.0
Jonas Valanciunas,15.0,14.0,14.7,15.435,-1.0,-1.0,-1.0,-1.0,-1.0,15.435
Andre Iguodala,15.0,2.641691,2.905851,-1.0,-1.0,-1.0,-1.0,-1.0,-1.0,-1.0
Davis Bertans,15.0,16.0,16.0,17.0,16.0,-1.0,-1.0,-1.0,-1.0,28.0
Marcus Morris,14.883721,15.627907,16.372093,17.116279,-1.0,-1.0,-1.0,-1.0,-1.0,17.116279
Rudy Gay,14.5,5.89,6.1845,6.479,-1.0,-1.0,-1.0,-1.0,-1.0,6.479
Kelly Oubre,14.375,12.0,12.6,-1.0,-1.0,-1.0,-1.0,-1.0,-1.0,-1.0
Dejounte Murray,14.286,15.42888,17.07112,18.214,25.499599,27.539568,29.579537,31.619506,-1.0,100.832704
Will Barton,13.723214,15.625,15.059712,-1.0,-1.0,-1.0,-1.0,-1.0,-1.0,-1.0
Thaddeus Young,13.545,14.19,8.0,8.0,-1.0,-1.0,-1.0,-1.0,-1.0,1.0
Patrick Mills,13.535714,5.89,6.479,-1.0,-1.0,-1.0,-1.0,-1.0,-1.0,-1.0
Terrence Ross,13.5,12.5,11.5,-1.0,-1.0,-1.0,-1.0,-1.0,-1.0,-1.0
Malik Beasley,13.425895,14.491964,15.558035,2.019706,-1.0,-1.0,-1.0,-1.0,-1.0,2.019706
Patrick Beverley,13.333333,14.320987,13.801614,2.019706,-1.0,-1.0,-1.0,-1.0,-1.0,2.019706
Christian Wood,13.015874,13.666667,14.317459,-1.0,-1.0,-1.0,-1.0,-1.0,-1.0,-1.0
JJ Redick,13.0137,-1.0,-1.0,-1.0,-1.0,-1.0,-1.0,-1.0,-1.0,-1.0
Justise Winslow,13.0,3.902439,4.097561,-1.0,-1.0,-1.0,-1.0,-1.0,-1.0,-1.0
Marcus Smart,12.946428,13.839285,17.207142,18.833713,20.210284,21.586855,-1.0,-1.0,-1.0,60.630852
Jusuf Nurkic,12.888889,12.0,15.625,16.875,18.125,19.375,-1.0,-1.0,-1.0,54.375
Kelly Olynyk,12.81965,12.195122,12.804878,12.195122,-1.0,-1.0,-1.0,-1.0,-1.0,3.0
Trevor Ariza,12.8,2.641691,-1.0,-1.0,-1.0,-1.0,-1.0,-1.0,-1.0,-1.0
Brook Lopez,12.697675,13.302325,13.906976,25.0,23.0,-1.0,-1.0,-1.0,-1.0,48.0
Dion Waiters,12.65,-1.0,-1.0,-1.0,-1.0,-1.0,-1.0,-1.0,-1.0,-1.0
Cory Joseph,12.6,7.31,5.1555,2.019706,-1.0,-1.0,-1.0,-1.0,-1.0,2.019706
Markelle Fultz,12.288697,16.5,16.5,17.0,-1.0,-1.0,-1.0,-1.0,-1.0,2.0
Taurean Prince,12.25,13.334375,7.1,4.516,-1.0,-1.0,-1.0,-1.0,-1.0,4.516
Tony Snell,12.178571,2.389641,-1.0,-1.0,-1.0,-1.0,-1.0,-1.0,-1.0,-1.0
Robert Covington,12.138345,12.975471,12.307692,11.692308,-1.0,-1.0,-1.0,-1.0,-1.0,11.692308
Kentavious Caldwell-Pope,12.07302,13.038862,14.004703,14.704938,15.440185,-1.0,-1.0,-1.0,-1.0,14.704938
TJ Warren,12.0,12.94,2.628597,-1.0,-1.0,-1.0,-1.0,-1.0,-1.0,-1.0
Larry Nance Jr,11.709091,10.690909,9.672727,10.375,11.205,-1.0,-1.0,-1.0,-1.0,21.58
Nicolas Batum,11.608231,12.026998,19.700319,11.710818,-1.0,-1.0,-1.0,-1.0,-1.0,11.710818
Jordan Clarkson,11.5,12.42,13.34,23.487629,14.092577,14.285714,-1.0,-1.0,-1.0,51.86592
Spencer Dinwiddie,11.454048,19.314284,19.5,20.357143,-1.0,-1.0,-1.0,-1.0,-1.0,20.357143
Dillon Brooks,11.4,12.2,11.4,22.627671,22.255493,21.12411,19.992727,-1.0,-1.0,86.000001
Dwight Powell,11.080125,11.080125,11.080125,4.0,4.0,4.0,-1.0,-1.0,-1.0,8.0
Lonzo Ball,11.003782,18.604651,19.534884,20.465117,21.395348,-1.0,-1.0,-1.0,-1.0,20.465117
Josh Richardson,10.865952,11.615328,12.196094,2.891467,3.051153,-1.0,-1.0,-1.0,-1.0,2.891467
Norman Powell,10.865952,15.517242,16.758621,18.0,19.241379,20.482758,-1.0,-1.0,-1.0,57.724137
Jeremy Lamb,10.5,10.5,-1.0,-1.0,-1.0,-1.0,-1.0,-1.0,-1.0,-1.0
DeAndre Jordan,10.375678,11.109327,10.733758,2.019706,-1.0,-1.0,-1.0,-1.0,-1.0,2.019706
Joe Ingles,10.363637,13.036364,6.479,11.0,11.0,-1.0,-1.0,-1.0,-1.0,11.0
Zion Williamson,10.24548,10.7334,13.534817,34.00525,36.72567,39.44609,42.16651,44.88693,-1.0,197.23045
Paul Millsap,10.1,2.641691,-1.0,-1.0,-1.0,-1.0,-1.0,-1.0,-1.0,-1.0
Rodney Hood,10.04745,2.239544,-1.0,-1.0,-1.0,-1.0,-1.0,-1.0,-1.0,-1.0
Deandre Ayton,10.0182,12.63295,30.91375,32.459438,34.005126,35.550814,-1.0,-1.0,-1.0,102.015378
Tomas Satoransky,10.0,10.0,-1.0,-1.0,-1.0,-1.0,-1.0,-1.0,-1.0,-1.0
Jayson Tatum,9.89712,28.1035,30.35178,32.60006,34.84834,37.09662,-1.0,-1.0,-1.0,67.4484
Anthony Edwards,9.75744,10.24548,10.7334,13.534817,35.5,38.34,41.18,44.02,46.86,219.434817
Al-Farouq Aminu,9.7209,10.335621,-1.0,-1.0,-1.0,-1.0,-1.0,-1.0,-1.0,-1.0
Dante Exum,9.6,-1.0,-1.0,3.0,3.15,-1.0,-1.0,-1.0,-1.0,3.0
George Hill,9.590602,5.275491,4.0,-1.0,-1.0,-1.0,-1.0,-1.0,-1.0,-1.0
De'Anthony Melton,9.571712,8.805976,8.25,8.0,-1.0,-1.0,-1.0,-1.0,-1.0,8.0
Kyle Anderson,9.5051,9.93715,8.780488,9.219512,-1.0,-1.0,-1.0,-1.0,-1.0,9.219512
Meyers Leonard,9.4,-1.0,0.713558,-1.0,-1.0,-1.0,-1.0,-1.0,-1.0,-1.0
Tristan Thompson,9.258,9.946611,0.0167,-1.0,-1.0,-1.0,-1.0,-1.0,-1.0,-1.0
Serge Ibaka,9.258,9.7209,2.905851,-1.0,-1.0,-1.0,-1.0,-1.0,-1.0,-1.0
Montrezl Harrell,9.258,9.7209,2.46349,2.019706,-1.0,-1.0,-1.0,-1.0,-1.0,2.019706
Jae Crowder,9.258,9.7209,10.1838,2.019706,-1.0,-1.0,-1.0,-1.0,-1.0,2.019706
Derrick Jones,9.258,9.7209,3.2,-1.0,-1.0,-1.0,-1.0,-1.0,-1.0,-1.0
Derrick Favors,9.258,9.7209,10.350803,-1.0,-1.0,-1.0,-1.0,-1.0,-1.0,-1.0
Dario Saric,9.25,8.51,9.24,2.019706,-1.0,-1.0,-1.0,-1.0,-1.0,2.019706
Ja Morant,9.1668,9.60336,12.11944,34.00525,36.72567,39.44609,42.16651,44.88693,-1.0,197.23045
Delon Wright,9.0,8.526316,7.804878,8.195122,-1.0,-1.0,-1.0,-1.0,-1.0,8.195122
Marvin Bagley,8.96364,11.312114,12.5,-1.0,-1.0,-1.0,-1.0,-1.0,-1.0,-1.0
Cedi Osman,8.84058,8.133334,7.426088,6.718842,-1.0,-1.0,-1.0,-1.0,-1.0,6.718842
Tyus Jones,8.817143,8.376286,15.0,14.0,-1.0,-1.0,-1.0,-1.0,-1.0,14.0
James Wiseman,8.73024,9.1668,9.60336,12.11944,-1.0,-1.0,-1.0,-1.0,-1.0,-1.0
Royce O'Neale,8.5,8.8,9.2,9.5,-1.0,-1.0,-1.0,-1.0,-1.0,2.5
Maxi Kleber,8.475,8.75,9.0,11.0,11.0,11.0,-1.0,-1.0,-1.0,33.0
Thomas Bryant,8.333333,8.666667,1.968175,2.528233,2.845342,-1.0,-1.0,-1.0,-1.0,5.373575
RJ Barrett,8.23176,8.62392,10.900634,23.883929,25.794643,27.705357,29.616071,-1.0,-1.0,107.0
Jakob Poeltl,8.101852,8.75,9.398148,19.5,19.5,19.5,19.5,-1.0,-1.0,58.5
De'Aaron Fox,8.099627,28.1035,30.35178,32.60006,34.84834,37.09662,-1.0,-1.0,-1.0,104.54502
Luka Doncic,8.04936,10.174391,37.0965,40.06422,43.03194,45.99966,48.96738,-1.0,-1.0,129.09582
Louis Williams,8.0,5.0,-1.0,-1.0,-1.0,-1.0,-1.0,-1.0,-1.0,-1.0
Mason Plumlee,8.0,9.248333,9.080417,5.0,-1.0,-1.0,-1.0,-1.0,-1.0,5.0
PJ Tucker,7.969537,7.0,10.49,11.0145,11.539,-1.0,-1.0,-1.0,-1.0,11.0145
LaMelo Ball,7.83996,8.23176,8.62392,10.900635,35.5,38.34,41.18,44.02,46.86,216.800635
Seth Curry,7.834449,8.207518,8.496653,4.0,4.0,-1.0,-1.0,-1.0,-1.0,8.0
Derrick Rose,7.682926,13.44512,14.52073,3.196448,3.356271,-1.0,-1.0,-1.0,-1.0,6.552719
Cristiano Felicio,7.52902,-1.0,-1.0,-1.0,-1.0,-1.0,-1.0,-1.0,-1.0,-1.0
Rajon Rondo,7.5,7.5,-1.0,-1.0,-1.0,-1.0,-1.0,-1.0,-1.0,-1.0
De'Andre Hunter,7.422,7.7754,9.835881,20.089286,21.696429,23.303571,24.910714,-1.0,-1.0,90.0
Jonathan Isaac,7.362565,17.4,17.4,17.4,17.4,-1.0,-1.0,-1.0,-1.0,7.4
Doug McDermott,7.333333,13.75,13.75,13.75,-1.0,-1.0,-1.0,-1.0,-1.0,13.75
Robin Lopez,7.3,5.0,2.905851,2.019706,-1.0,-1.0,-1.0,-1.0,-1.0,2.019706
Jaren Jackson Jr,7.25736,9.18056,28.946605,27.102202,25.257798,23.413395,-1.0,-1.0,-1.0,75.773395
JaMychal Green,7.19976,8.2,8.2,-1.0,-1.0,-1.0,-1.0,-1.0,-1.0,-1.0
Nemanja Bjelica,7.15,2.089448,-1.0,-1.0,-1.0,-1.0,-1.0,-1.0,-1.0,-1.0
Patrick Williams,7.06836,7.422,7.7754,9.835881,-1.0,-1.0,-1.0,-1.0,-1.0,9.835881
Ivica Zubac,7.0,7.518518,10.123457,10.933333,11.74321,-1.0,-1.0,-1.0,-1.0,22.676543
Darius Miller,7.0,-1.0,-1.0,-1.0,-1.0,-1.0,-1.0,-1.0,-1.0,-1.0
Aron Baynes,7.0,-1.0,-1.0,-1.0,-1.0,-1.0,-1.0,-1.0,-1.0,-1.0
Jabari Parker,6.930729,1.168286,-1.0,-1.0,-1.0,-1.0,-1.0,-1.0,-1.0,-1.0
Lauri Markkanen,6.731508,15.690909,16.475454,17.259999,18.044544,-1.0,-1.0,-1.0,-1.0,23.259999
Darius Garland,6.72072,7.04088,8.920794,34.00525,36.72567,39.44609,42.16651,44.88693,-1.0,197.23045
DJ Augustin,6.666667,7.622467,0.633938,-1.0,-1.0,-1.0,-1.0,-1.0,-1.0,-1.0
Trae Young,6.5718,8.326471,37.0965,40.06422,43.03194,45.99966,48.96738,-1.0,-1.0,178.0632
Chris Boucher,6.5,7.02,12.69,11.75,10.81,-1.0,-1.0,-1.0,-1.0,22.56
Juan Hernangomez,6.493,6.80319,2.298385,-1.0,-1.0,-1.0,-1.0,-1.0,-1.0,-1.0
Joakim Noah,6.431666,6.431666,-1.0,-1.0,-1.0,-1.0,-1.0,-1.0,-1.0,-1.0
Isaac Okoro,6.40092,6.72072,7.04088,8.920795,-1.0,-1.0,-1.0,-1.0,-1.0,8.920795
Frank Ntilikina,6.176578,1.789256,2.036318,-1.0,-1.0,-1.0,-1.0,-1.0,-1.0,-1.0
DeMarre Carroll,6.119676,1.24234,-1.0,-1.0,-1.0,-1.0,-1.0,-1.0,-1.0,-1.0
Jarrett Culver,6.10428,6.39516,0.260295,-1.0,-1.0,-1.0,-1.0,-1.0,-1.0,-1.0
Alec Burks,6.0,9.536,10.0128,10.4896,-1.0,-1.0,-1.0,-1.0,-1.0,10.4896
Ishmael Smith,6.0,4.5,4.725,-1.0,-1.0,-1.0,-1.0,-1.0,-1.0,-1.0
Mo Bamba,5.96904,7.568743,10.3,2.019706,-1.0,-1.0,-1.0,-1.0,-1.0,2.019706
Onyeka Okongwu,5.81364,6.10428,6.39516,8.109063,-1.0,-1.0,-1.0,-1.0,-1.0,8.109063
Justin Holiday,5.7204,6.00642,5.987975,2.019706,-1.0,-1.0,-1.0,-1.0,-1.0,2.019706
Dennis Smith,5.686677,1.789256,2.133278,-1.0,-1.0,-1.0,-1.0,-1.0,-1.0,-1.0
Avery Bradley,5.635,2.641691,-1.0,-1.0,-1.0,-1.0,-1.0,-1.0,-1.0,-1.0
Timofey Mozgov,5.573333,5.573333,-1.0,-1.0,-1.0,-1.0,-1.0,-1.0,-1.0,-1.0
Coby White,5.57268,5.83776,7.413955,11.111111,12.0,12.888889,-1.0,-1.0,-1.0,36.0
Trey Lyles,5.5,2.5,2.625,8.0,8.0,-1.0,-1.0,-1.0,-1.0,16.0
Wendell Carter,5.44884,6.920027,14.15,-1.0,-1.0,-1.0,-1.0,-1.0,-1.0,-1.0
Zach Collins,5.406255,7.0,7.35,7.7,-1.0,-1.0,-1.0,-1.0,-1.0,-1.0
Malik Monk,5.345687,1.789256,9.472219,9.94583,-1.0,-1.0,-1.0,-1.0,-1.0,9.94583
Killian Hayes,5.30712,5.57268,5.83776,7.413955,-1.0,-1.0,-1.0,-1.0,-1.0,7.413955
Luke Kennard,5.273826,13.347727,13.745455,14.763636,14.763636,-1.0,-1.0,-1.0,-1.0,14.763636
Ryan Anderson,5.214583,5.214583,-1.0,-1.0,-1.0,-1.0,-1.0,-1.0,-1.0,-1.0
Donovan Mitchell,5.195501,28.1035,30.91375,33.16203,35.41031,37.09662,-1.0,-1.0,-1.0,68.57234
Rodney McGruder,5.192307,1.93935,2.298385,-1.0,-1.0,-1.0,-1.0,-1.0,-1.0,-1.0
Bam Adebayo,5.115492,28.1035,30.35178,32.60006,34.84834,37.09662,-1.0,-1.0,-1.0,104.54502
Justin Jackson,5.109637,0.308493,1.83609,-1.0,-1.0,-1.0,-1.0,-1.0,-1.0,-1.0
Jaxson Hayes,5.10516,5.34828,6.803012,2.165,2.463946,-1.0,-1.0,-1.0,-1.0,2.165
Ed Davis,5.00535,2.641691,-1.0,-1.0,-1.0,-1.0,-1.0,-1.0,-1.0,-1.0
Mike Scott,5.00535,-1.0,-1.0,-1.0,-1.0,-1.0,-1.0,-1.0,-1.0,-1.0
Enes Kanter,5.00535,2.641691,-1.0,-1.0,-1.0,-1.0,-1.0,-1.0,-1.0,-1.0
Richaun Holmes,5.00535,10.3845,11.21526,12.04602,12.87678,-1.0,-1.0,-1.0,-1.0,12.04602
Daniel Theis,5.0,8.280351,8.694369,9.108387,9.522405,-1.0,-1.0,-1.0,-1.0,9.108387
Luol Deng,5.0,5.0,-1.0,-1.0,-1.0,-1.0,-1.0,-1.0,-1.0,-1.0
Nerlens Noel,5.0,8.8,9.391069,2.019706,-1.0,-1.0,-1.0,-1.0,-1.0,2.019706
Collin Sexton,4.99188,6.349671,16.7,17.325,18.15,18.975,-1.0,-1.0,-1.0,54.45
Pat Connaughton,4.938273,5.333334,5.728393,9.423869,9.423869,9.423869,-1.0,-1.0,-1.0,28.271607
Obi Toppin,4.86204,5.10516,5.34828,6.803012,-1.0,-1.0,-1.0,-1.0,-1.0,6.803012
Kevon Looney,4.821429,5.178572,8.0,7.5,8.0,-1.0,-1.0,-1.0,-1.0,15.5
Kris Dunn,4.767,5.31743,1.000001,2.586665,-1.0,-1.0,-1.0,-1.0,-1.0,-1.0
Garrett Temple,4.767,4.91,5.1555,5.401,-1.0,-1.0,-1.0,-1.0,-1.0,5.401
Josh Jackson,4.767,5.00535,-1.0,-1.0,-1.0,-1.0,-1.0,-1.0,-1.0,-1.0
Elfrid Payton,4.767,2.239544,-1.0,-1.0,-1.0,-1.0,-1.0,-1.0,-1.0,-1.0
Rui Hachimura,4.69284,4.91616,6.263188,15.740741,17.0,18.259259,-1.0,-1.0,-1.0,51.0
Denzel Valentine,4.6428,1.005633,-1.0,-1.0,-1.0,-1.0,-1.0,-1.0,-1.0,-1.0
Kevin Knox,4.58868,5.845978,3.0,3.0,-1.0,-1.0,-1.0,-1.0,-1.0,-1.0
DJ Wilson,4.54828,0.308493,0.25,-1.0,-1.0,-1.0,-1.0,-1.0,-1.0,-1.0
Deni Avdija,4.46916,4.69284,4.91616,6.263188,-1.0,-1.0,-1.0,-1.0,-1.0,6.263188
Cam Reddish,4.458,4.67016,5.954454,2.165,2.463946,-1.0,-1.0,-1.0,-1.0,2.165
TJ Leaf,4.431423,-1.0,-1.0,-1.0,-1.0,-1.0,-1.0,-1.0,-1.0,-1.0
Mikal Bridges,4.359,5.557725,20.1,21.7,23.3,24.9,-1.0,-1.0,-1.0,69.9
Jalen Smith,4.24572,4.458,4.67016,5.043773,5.417386,-1.0,-1.0,-1.0,-1.0,5.043773
Cameron Johnson,4.23516,4.437,5.887899,25.679348,23.625,21.570652,23.625,-1.0,-1.0,94.5
JaVale McGee,4.2,5.0,5.461219,5.73428,6.007341,-1.0,-1.0,-1.0,-1.0,11.741621
Reggie Bullock,4.2,9.536,10.0128,11.01408,-1.0,-1.0,-1.0,-1.0,-1.0,11.01408
Shai Gilgeous-Alexander,4.14132,5.495532,30.91375,33.38685,35.85995,38.33305,40.80615,-1.0,-1.0,148.386
John Collins,4.137302,23.0,23.5,25.34,26.58,26.58,-1.0,-1.0,-1.0,78.5
Willie Cauley-Stein,4.1,4.220083,0.155738,-1.0,-1.0,-1.0,-1.0,-1.0,-1.0,-1.0
Devin Vassell,4.03344,4.23516,4.437,5.887899,-1.0,-1.0,-1.0,-1.0,-1.0,5.887899
PJ Washington,4.0236,4.21512,5.808435,-1.0,-1.0,-1.0,-1.0,-1.0,-1.0,-1.0
Dorian Finney-Smith,4.0,4.0,12.939848,13.932008,14.924167,15.37848,-1.0,-1.0,-1.0,28.856175
Patrick McCaw,4.0,-1.0,-1.0,-1.0,-1.0,-1.0,-1.0,-1.0,-1.0,-1.0
Alex Len,3.970648,3.732,3.9186,2.019706,-1.0,-1.0,-1.0,-1.0,-1.0,2.019706
Terrance Ferguson,3.944013,-1.0,-1.0,-1.0,-1.0,-1.0,-1.0,-1.0,-1.0,-1.0
Miles Bridges,3.93432,5.421493,-1.0,7.9213,-1.0,-1.0,-1.0,-1.0,-1.0,7.9213
Austin Rivers,3.929049,2.401537,2.905851,-1.0,-1.0,-1.0,-1.0,-1.0,-1.0,-1.0
Jevon Carter,3.925,4.107149,6.025,6.190476,6.5,6.809524,-1.0,-1.0,-1.0,12.690476
Jarrett Allen,3.909902,20.0,20.0,20.0,20.0,20.0,-1.0,-1.0,-1.0,60.0
Nicolo Melli,3.897436,-1.0,-1.0,-1.0,-1.0,-1.0,-1.0,-1.0,-1.0,-1.0
OG Anunoby,3.872215,16.071429,17.357143,18.642857,19.928571,-1.0,-1.0,-1.0,-1.0,18.642857
Gabriel Deck,3.87037,1.690507,-1.0,-1.0,-1.0,-1.0,-1.0,-1.0,-1.0,-1.0
Tyrese Haliburton,3.83184,4.0236,4.21512,5.808435,35.5,38.34,41.18,44.02,46.86,211.708435
Tyler Herro,3.82224,4.00428,5.722116,27.0,29.0,31.0,33.0,-1.0,-1.0,120.0
Patrick Patterson,3.814771,0.737067,-1.0,-1.0,-1.0,-1.0,-1.0,-1.0,-1.0,-1.0
Stanley Johnson,3.80415,1.368998,4.022164,-1.0,-1.0,-1.0,-1.0,-1.0,-1.0,-1.0
Jake Layman,3.761085,3.940184,-1.0,-1.0,-1.0,-1.0,-1.0,-1.0,-1.0,-1.0
Jerome Robinson,3.73752,-1.0,-1.0,-1.0,-1.0,-1.0,-1.0,-1.0,-1.0,-1.0
Danuel House,3.717,4.997424,4.105,-1.0,-1.0,-1.0,-1.0,-1.0,-1.0,-1.0
Kira Lewis,3.6402,3.82224,4.00428,-1.0,-1.0,-1.0,-1.0,-1.0,-1.0,-1.0
Romeo Langford,3.6312,3.80436,5.634257,-1.0,-1.0,-1.0,-1.0,-1.0,-1.0,-1.0
Wesley Matthews,3.623,1.958495,2.905851,2.019706,-1.0,-1.0,-1.0,-1.0,-1.0,2.019706
Bobby Portis,3.623,4.3476,10.84335,11.710818,12.578286,13.445754,-1.0,-1.0,-1.0,24.289104
Moe Harkless,3.623,4.3476,4.56498,-1.0,-1.0,-1.0,-1.0,-1.0,-1.0,-1.0
Wayne Ellington,3.564753,2.641691,-1.0,-1.0,-1.0,-1.0,-1.0,-1.0,-1.0,-1.0
Kyle Kuzma,3.562178,13.0,13.0,25.568182,23.522727,21.477272,19.431819,-1.0,-1.0,90.0
Michael Porter,3.5508,5.258735,30.91375,-1.0,-1.0,-1.0,-1.0,-1.0,-1.0,-1.0
Tony Bradley,3.54206,1.789256,2.036318,-1.0,-1.0,-1.0,-1.0,-1.0,-1.0,-1.0
Derrick White,3.516284,15.678571,17.142857,18.357143,19.571429,-1.0,-1.0,-1.0,-1.0,37.928572
Bismack Biyombo,3.5,1.518213,2.905851,-1.0,-1.0,-1.0,-1.0,-1.0,-1.0,-1.0
Boban Marjanovic,3.5,3.5,4.101478,-1.0,-1.0,-1.0,-1.0,-1.0,-1.0,-1.0
TJ McConnell,3.5,7.5,8.1,8.7,9.3,-1.0,-1.0,-1.0,-1.0,13.7
Luca Vildoza,3.5,0.042789,-1.0,-1.0,-1.0,-1.0,-1.0,-1.0,-1.0,-1.0
Josh Hart,3.491159,12.0,12.96,12.96,-1.0,-1.0,-1.0,-1.0,-1.0,12.96
Aaron Nesmith,3.4584,3.6312,3.80436,5.634257,-1.0,-1.0,-1.0,-1.0,-1.0,5.634257
Sekou Doumbouya,3.4494,3.799131,-1.0,-1.0,-1.0,-1.0,-1.0,-1.0,-1.0,-1.0
Dewayne Dedmon,3.447478,5.256308,8.283688,7.072674,2.748674,-1.0,-1.0,-1.0,-1.0,-1.0
Troy Brown,3.37284,5.170564,1.968175,-1.0,-1.0,-1.0,-1.0,-1.0,-1.0,-1.0
Jeff Teague,3.372826,-1.0,-1.0,-1.0,-1.0,-1.0,-1.0,-1.0,-1.0,-1.0
Michael Carter-Williams,3.3,3.3,0.652829,-1.0,-1.0,-1.0,-1.0,-1.0,-1.0,-1.0
James Ennis,3.3,0.386127,-1.0,-1.0,-1.0,-1.0,-1.0,-1.0,-1.0,-1.0
Cole Anthony,3.28512,3.4494,3.61368,5.539771,-1.0,-1.0,-1.0,-1.0,-1.0,5.539771
Taj Gibson,3.283684,4.91,2.905851,-1.0,-1.0,-1.0,-1.0,-1.0,-1.0,-1.0
Facundo Campazzo,3.2,3.1,0.464299,-1.0,-1.0,-1.0,-1.0,-1.0,-1.0,-1.0
Jon Leuer,3.169348,3.169348,-1.0,-1.0,-1.0,-1.0,-1.0,-1.0,-1.0,-1.0
Isaiah Stewart,3.12108,3.27708,3.43332,5.266713,15.0,15.0,15.0,15.0,-1.0,50.266713
Chuma Okeke,3.12108,3.27708,3.43332,5.266713,-1.0,-1.0,-1.0,-1.0,-1.0,5.266713
Nickeil Alexander-Walker,3.11316,3.26148,5.009633,4.6875,4.3125,-1.0,-1.0,-1.0,-1.0,9.0
DeMarcus Cousins,3.051832,2.038942,-1.0,-1.0,-1.0,-1.0,-1.0,-1.0,-1.0,-1.0
Donte DiVincenzo,3.04416,4.67583,4.5,10.9,11.445,11.99,12.535,-1.0,-1.0,46.87
Khem Birch,3.011499,6.35,6.6675,6.985,-1.0,-1.0,-1.0,-1.0,-1.0,6.985
Ryan Arcidiacono,3.0,0.774727,1.83609,-1.0,-1.0,-1.0,-1.0,-1.0,-1.0,-1.0
Trey Burke,3.0,3.15,3.42375,-1.0,-1.0,-1.0,-1.0,-1.0,-1.0,-1.0
Aleksej Pokusevski,2.96484,3.11316,3.26148,5.009633,-1.0,-1.0,-1.0,-1.0,-1.0,5.009633
Goga Bitadze,2.95752,3.0984,5.37752,2.066585,-1.0,-1.0,-1.0,-1.0,-1.0,2.066585
Lonnie Walker,2.89572,4.447896,6.479,-1.0,-1.0,-1.0,-1.0,-1.0,-1.0,-1.0
Ben McLemore,2.89363,2.389641,-1.0,-1.0,-1.0,-1.0,-1.0,-1.0,-1.0,-1.0
Andrew Nicholson,2.844429,2.844429,2.844429,2.84443,-1.0,-1.0,-1.0,-1.0,-1.0,2.84443
Luka Samanic,2.82432,3.355239,0.538317,2.066585,-1.0,-1.0,-1.0,-1.0,-1.0,-1.0
Josh Green,2.81676,2.95752,3.0984,4.765339,-1.0,-1.0,-1.0,-1.0,-1.0,4.765339
Kevin Huerter,2.76192,4.253357,14.508929,15.669643,16.830357,17.991071,-1.0,-1.0,-1.0,50.491071
Alex Caruso,2.75,8.6,9.03,9.46,9.89,-1.0,-1.0,-1.0,-1.0,19.35
Marko Guduric,2.75,-1.0,-1.0,-1.0,-1.0,-1.0,-1.0,-1.0,-1.0,-1.0
Matisse Thybulle,2.71128,2.84016,4.379526,10.5,11.025,11.55,-1.0,-1.0,-1.0,21.525
Saddiq Bey,2.68992,2.82432,2.95908,4.556983,-1.0,-1.0,-1.0,-1.0,-1.0,4.556983
Josh Okogie,2.65104,4.087904,1.968175,2.815937,2.956734,-1.0,-1.0,-1.0,-1.0,2.815937
Vincent Poirier,2.619207,-1.0,-1.0,-1.0,-1.0,-1.0,-1.0,-1.0,-1.0,-1.0
Brandon Clarke,2.60292,2.72688,4.343919,12.5,12.5,12.5,12.5,-1.0,-1.0,50.0
Precious Achiuwa,2.58216,2.71128,2.84016,4.379527,-1.0,-1.0,-1.0,-1.0,-1.0,4.379527
Jeff Green,2.564753,4.5,4.5,9.6,9.6,-1.0,-1.0,-1.0,-1.0,19.2
Jose Juan Barea,2.564753,-1.0,-1.0,-1.0,-1.0,-1.0,-1.0,-1.0,-1.0,-1.0
Marc Gasol,2.564753,2.692991,-1.0,-1.0,-1.0,-1.0,-1.0,-1.0,-1.0,-1.0
Jared Dudley,2.564753,-1.0,-1.0,-1.0,-1.0,-1.0,-1.0,-1.0,-1.0,-1.0
Udonis Haslem,2.564753,2.641691,2.905851,-1.0,-1.0,-1.0,-1.0,-1.0,-1.0,-1.0
Dwight Howard,2.564753,2.641691,-1.0,-1.0,-1.0,-1.0,-1.0,-1.0,-1.0,-1.0
Carmelo Anthony,2.564753,2.641691,-1.0,-1.0,-1.0,-1.0,-1.0,-1.0,-1.0,-1.0
Grayson Allen,2.54532,4.054695,8.925,8.925,-1.0,-1.0,-1.0,-1.0,-1.0,8.925
Grant Williams,2.49876,2.6178,4.306281,12.405,13.02525,13.6455,14.26575,-1.0,-1.0,53.3415
Tyrese Maxey,2.47884,2.60292,2.72688,4.34392,-1.0,-1.0,-1.0,-1.0,-1.0,4.34392
Chandler Hutchison,2.44344,4.224186,-1.0,-1.0,-1.0,-1.0,-1.0,-1.0,-1.0,-1.0
Mfiondu Kabengele,2.432353,0.019186,0.508891,-1.0,-1.0,-1.0,-1.0,-1.0,-1.0,-1.0
Darius Bazley,2.39916,2.51304,4.264628,2.019706,-1.0,-1.0,-1.0,-1.0,-1.0,2.019706
Moritz Wagner,2.383915,1.729217,1.87872,8.0,8.0,-1.0,-1.0,-1.0,-1.0,8.0
Zeke Nnaji,2.37984,2.49876,2.6178,4.306281,-1.0,-1.0,-1.0,-1.0,-1.0,4.306281
Aaron Holiday,2.34564,3.980551,1.968175,2.019706,-1.0,-1.0,-1.0,-1.0,-1.0,-1.0
Bryn Forbes,2.337145,4.5,2.298385,-1.0,-1.0,-1.0,-1.0,-1.0,-1.0,-1.0
Reggie Jackson,2.331593,10.3845,11.457217,5.0,5.25,-1.0,-1.0,-1.0,-1.0,5.0
Markieff Morris,2.331593,2.641691,2.905851,-1.0,-1.0,-1.0,-1.0,-1.0,-1.0,-1.0
E'Twaun Moore,2.331593,2.641691,-1.0,-1.0,-1.0,-1.0,-1.0,-1.0,-1.0,-1.0
Kent Bazemore,2.320044,2.401537,-1.0,-1.0,-1.0,-1.0,-1.0,-1.0,-1.0,-1.0
Hassan Whiteside,2.320044,2.401537,-1.0,-1.0,-1.0,-1.0,-1.0,-1.0,-1.0,-1.0
Ty Jerome,2.30304,2.41284,4.728948,2.439025,2.560975,-1.0,-1.0,-1.0,-1.0,5.0
Mike Muscala,2.283034,3.5,3.5,3.5,-1.0,-1.0,-1.0,-1.0,-1.0,3.5
Anfernee Simons,2.25204,3.938818,22.321429,24.107143,25.892857,27.678571,-1.0,-1.0,-1.0,77.678571
Luke Kornet,2.25,0.812364,2.133278,2.413304,-1.0,-1.0,-1.0,-1.0,-1.0,-1.0
Brad Wanamaker,2.25,0.814918,-1.0,-1.0,-1.0,-1.0,-1.0,-1.0,-1.0,-1.0
Monta Ellis,2.2454,2.2454,-1.0,-1.0,-1.0,-1.0,-1.0,-1.0,-1.0,-1.0
Nassir Little,2.21064,2.31624,4.171548,6.25,6.75,7.25,7.75,-1.0,-1.0,28.0
RJ Hampton,2.19348,2.30304,2.898243,-1.0,-1.0,-1.0,-1.0,-1.0,-1.0,-1.0
Solomon Hill,2.174318,2.389641,-1.0,-1.0,-1.0,-1.0,-1.0,-1.0,-1.0,-1.0
Matthew Dellavedova,2.174318,-1.0,2.628597,-1.0,-1.0,-1.0,-1.0,-1.0,-1.0,-1.0
Edmond Sumner,2.16,2.32,1.968175,-1.0,-1.0,-1.0,-1.0,-1.0,-1.0,-1.0
Anderson Varejao,2.141713,-1.0,-1.0,-1.0,-1.0,-1.0,-1.0,-1.0,-1.0,-1.0
Dylan Windler,2.13744,2.2392,4.037277,-1.0,-1.0,-1.0,-1.0,-1.0,-1.0,-1.0
Immanuel Quickley,2.10552,2.21064,2.31624,4.171548,-1.0,-1.0,-1.0,-1.0,-1.0,4.171548
John Konchar,2.1,2.2,2.3,2.4,6.165,6.165,6.165,-1.0,-1.0,20.895
Landry Shamet,2.09004,3.768342,9.5,10.25,11.0,11.75,-1.0,-1.0,-1.0,33.0
Jordan Poole,2.06328,2.16144,3.901399,27.455357,29.651786,31.848215,34.044642,-1.0,-1.0,123.0
Bol Bol,2.05824,2.161152,2.2,2.019706,-1.0,-1.0,-1.0,-1.0,-1.0,2.019706
Keldon Johnson,2.04804,2.14572,3.873024,20.0,19.0,17.5,17.5,-1.0,-1.0,74.0
Payton Pritchard,2.0358,2.13744,2.2392,4.037277,-1.0,-1.0,-1.0,-1.0,-1.0,4.037277
Robert Williams,2.02992,3.661976,10.714287,11.571429,12.428571,13.285713,-1.0,-1.0,-1.0,37.285713
Tyler Johnson,2.028594,0.257418,-1.0,-1.0,-1.0,-1.0,-1.0,-1.0,-1.0,-1.0
Bruno Caboclo,2.028594,-1.0,-1.0,-1.0,-1.0,-1.0,-1.0,-1.0,-1.0,-1.0
Langston Galloway,2.028594,0.386127,-1.0,-1.0,-1.0,-1.0,-1.0,-1.0,-1.0,-1.0
Gary Clark,2.018458,0.811213,-1.0,-1.0,-1.0,-1.0,-1.0,-1.0,-1.0,-1.0
Jacob Evans,2.01732,-1.0,-1.0,-1.0,-1.0,-1.0,-1.0,-1.0,-1.0,-1.0
Spencer Hawes,2.007058,-1.0,-1.0,-1.0,-1.0,-1.0,-1.0,-1.0,-1.0,-1.0
Dzanan Musa,2.0028,-1.0,-1.0,-1.0,-1.0,-1.0,-1.0,-1.0,-1.0,-1.0
Damyean Dotson,2.0,0.205662,-1.0,-1.0,-1.0,-1.0,-1.0,-1.0,-1.0,-1.0
Kenrich Williams,2.0,2.0,2.0,6.175,6.669,7.163,7.163,-1.0,-1.0,20.007
Theo Maledon,2.0,2.0,2.408891,-1.0,-1.0,-1.0,-1.0,-1.0,-1.0,-1.0
Omari Spellman,1.98828,-1.0,-1.0,-1.0,-1.0,-1.0,-1.0,-1.0,-1.0,-1.0
Quinn Cook,1.981649,-1.0,-1.0,-1.0,-1.0,-1.0,-1.0,-1.0,-1.0,-1.0
Mario Hezonja,1.977011,-1.0,-1.0,-1.0,-1.0,-1.0,-1.0,-1.0,-1.0,-1.0
Cameron Payne,1.977011,6.5,6.0,6.5,-1.0,-1.0,-1.0,-1.0,-1.0,2.0
Udoka Azubuike,1.977,2.07588,2.17488,-1.0,-1.0,-1.0,-1.0,-1.0,-1.0,-1.0
Jaden McDaniels,1.96476,2.06328,2.16144,3.901399,-1.0,-1.0,-1.0,-1.0,-1.0,3.901399
Malachi Flynn,1.9506,2.04804,2.14572,3.873025,-1.0,-1.0,-1.0,-1.0,-1.0,3.873025
Desmond Bane,1.93644,2.03316,2.13024,3.845083,34.00525,36.72567,39.44609,42.16651,44.88693,201.075533
Jontay Porter,1.9,0.3,-1.0,-1.0,-1.0,-1.0,-1.0,-1.0,-1.0,-1.0
Jahlil Okafor,1.882867,2.130023,-1.0,-1.0,-1.0,-1.0,-1.0,-1.0,-1.0,-1.0
JaKarr Sampson,1.882867,-1.0,-1.0,-1.0,-1.0,-1.0,-1.0,-1.0,-1.0,-1.0
Raul Neto,1.882867,2.089448,2.46349,-1.0,-1.0,-1.0,-1.0,-1.0,-1.0,-1.0
Larry Sanders,1.865546,1.865546,-1.0,-1.0,-1.0,-1.0,-1.0,-1.0,-1.0,-1.0
Timothe Luwawu,1.824003,1.93935,-1.0,-1.0,-1.0,-1.0,-1.0,-1.0,-1.0,-1.0
David Nwaba,1.824003,4.65,5.022,-1.0,-1.0,-1.0,-1.0,-1.0,-1.0,-1.0
Marquese Chriss,1.824003,1.2929,2.19392,-1.0,-1.0,-1.0,-1.0,-1.0,-1.0,-1.0
Georges Niang,1.783557,3.3,3.465,8.8,8.5,8.2,-1.0,-1.0,-1.0,25.5
Rodions Kurucs,1.780152,-1.0,-1.0,-1.0,-1.0,-1.0,-1.0,-1.0,-1.0,-1.0
PJ Dozier,1.762796,1.91086,0.784654,-1.0,-1.0,-1.0,-1.0,-1.0,-1.0,-1.0
Damion Lee,1.762796,1.91086,2.133278,2.528233,2.845342,-1.0,-1.0,-1.0,-1.0,2.528233
Alfonzo McKinnie,1.762796,1.090007,-1.0,-1.0,-1.0,-1.0,-1.0,-1.0,-1.0,-1.0
Furkan Korkmaz,1.762796,4.62963,5.0,5.37037,-1.0,-1.0,-1.0,-1.0,-1.0,5.37037
Semi Ojeleye,1.75295,1.789256,-1.0,-1.0,-1.0,-1.0,-1.0,-1.0,-1.0,-1.0
Abdel Nader,1.75295,2.0,-1.0,-1.0,-1.0,-1.0,-1.0,-1.0,-1.0,-1.0
Thon Maker,1.737145,-1.0,-1.0,-1.0,-1.0,-1.0,-1.0,-1.0,-1.0,-1.0
Willy Hernangomez,1.737145,2.32722,2.443581,2.559942,-1.0,-1.0,-1.0,-1.0,-1.0,-1.0
Frank Kaminsky,1.737145,2.089448,2.46349,-1.0,-1.0,-1.0,-1.0,-1.0,-1.0,-1.0
DeAndre Bembry,1.737145,2.271045,-1.0,-1.0,-1.0,-1.0,-1.0,-1.0,-1.0,-1.0
Monte Morris,1.723707,8.449074,9.125,9.800926,-1.0,-1.0,-1.0,-1.0,-1.0,9.800926
Kevin Porter,1.717981,1.782621,3.217631,-1.0,-1.0,-1.0,-1.0,-1.0,-1.0,-1.0
Brandon Goodwin,1.701593,0.343988,-1.0,-1.0,-1.0,-1.0,-1.0,-1.0,-1.0,-1.0
Thanasis Antetokounmpo,1.701593,1.729217,1.87872,-1.0,-1.0,-1.0,-1.0,-1.0,-1.0,-1.0
Shake Milton,1.701593,1.846738,1.997718,5.0,5.0,-1.0,-1.0,-1.0,-1.0,5.0
Ignas Brazdeikis,1.686315,0.462629,-1.0,-1.0,-1.0,-1.0,-1.0,-1.0,-1.0,-1.0
Sterling Brown,1.678854,3.0,3.122602,-1.0,-1.0,-1.0,-1.0,-1.0,-1.0,-1.0
Wesley Iwundu,1.678854,1.926834,-1.0,-1.0,-1.0,-1.0,-1.0,-1.0,-1.0,-1.0
Dwayne Bacon,1.678854,-1.0,-1.0,-1.0,-1.0,-1.0,-1.0,-1.0,-1.0,-1.0
Torrey Craig,1.678854,4.878049,5.121951,2.528233,2.845342,-1.0,-1.0,-1.0,-1.0,5.373575
Bruce Brown,1.663861,4.736102,6.479,22.0,23.0,-1.0,-1.0,-1.0,-1.0,22.0
Devonte Graham,1.663861,11.0,11.55,-1.0,-1.0,-1.0,-1.0,-1.0,-1.0,-1.0
Jalen Brunson,1.663861,1.802057,27.733332,26.346666,24.960001,24.960001,-1.0,-1.0,-1.0,51.306667
Hamidou Diallo,1.663861,5.2,5.2,-1.0,-1.0,-1.0,-1.0,-1.0,-1.0,-1.0
Duncan Robinson,1.663861,15.65,16.902,18.154,19.406,19.888,-1.0,-1.0,-1.0,47.448
Kendrick Nunn,1.663861,5.0,5.25,-1.0,-1.0,-1.0,-1.0,-1.0,-1.0,-1.0
Jarred Vanderbilt,1.663861,4.05,4.374,4.698,-1.0,-1.0,-1.0,-1.0,-1.0,0.3
Mitchell Robinson,1.663861,1.802057,17.045454,15.681818,14.318182,12.954546,-1.0,-1.0,-1.0,42.954546
Sviatoslav Mykhailiuk,1.663861,1.729217,3.846895,-1.0,-1.0,-1.0,-1.0,-1.0,-1.0,-1.0
Gary Trent Jr,1.663861,16.225,17.28,18.56,-1.0,-1.0,-1.0,-1.0,-1.0,18.56
Isaac Bonga,1.663861,1.729217,-1.0,-1.0,-1.0,-1.0,-1.0,-1.0,-1.0,-1.0
Isaiah Hartenstein,1.620564,1.729217,8.854879,9.245121,-1.0,-1.0,-1.0,-1.0,-1.0,9.245121
Wenyen Gabriel,1.620564,0.522015,1.87872,-1.0,-1.0,-1.0,-1.0,-1.0,-1.0,-1.0
Josh Gray,1.620564,-1.0,-1.0,-1.0,-1.0,-1.0,-1.0,-1.0,-1.0,-1.0
Harry Giles,1.620564,-1.0,-1.0,-1.0,-1.0,-1.0,-1.0,-1.0,-1.0,-1.0
Drew Eubanks,1.620564,2.23982,1.968175,2.346614,2.654644,-1.0,-1.0,-1.0,-1.0,5.001258
Bruno Fernando,1.517981,1.782621,2.717391,2.581522,2.717391,2.85326,-1.0,-1.0,-1.0,-1.0
Carsen Edwards,1.517981,1.859365,-1.0,-1.0,-1.0,-1.0,-1.0,-1.0,-1.0,-1.0
Nicolas Claxton,1.517981,1.782621,9.35,-1.0,-1.0,-1.0,-1.0,-1.0,-1.0,-1.0
Cody Martin,1.517981,1.782621,7.0,7.56,8.12,8.68,-1.0,-1.0,-1.0,15.68
Caleb Martin,1.517981,0.844011,6.479,6.80295,7.1269,-1.0,-1.0,-1.0,-1.0,13.92985
Jalen McDaniels,1.517981,1.782621,1.930681,4.516,4.7418,-1.0,-1.0,-1.0,-1.0,9.2578
Javonte Green,1.517981,1.669178,1.815677,-1.0,-1.0,-1.0,-1.0,-1.0,-1.0,-1.0
Dean Wade,1.517981,1.782621,1.930681,5.709877,6.166667,6.623456,-1.0,-1.0,-1.0,11.876544
Vlatko Cancar,1.517981,1.782621,2.234359,2.234359,2.346606,-1.0,-1.0,-1.0,-1.0,2.234359
Eric Paschall,1.517981,1.782621,-1.0,-1.0,-1.0,-1.0,-1.0,-1.0,-1.0,-1.0
Alen Smailagic,1.517981,-1.0,-1.0,-1.0,-1.0,-1.0,-1.0,-1.0,-1.0,-1.0
Mychal Mulder,1.517981,0.257902,-1.0,-1.0,-1.0,-1.0,-1.0,-1.0,-1.0,-1.0
Chris Clemons,1.517981,0.085578,-1.0,-1.0,-1.0,-1.0,-1.0,-1.0,-1.0,-1.0
Jalen Lecque,1.517981,-1.0,-1.0,-1.0,-1.0,-1.0,-1.0,-1.0,-1.0,-1.0
Terance Mann,1.517981,1.782621,1.930681,10.576923,11.423077,-1.0,-1.0,-1.0,-1.0,22.0
Talen Horton-Tucker,1.517981,9.5,10.26,11.02,-1.0,-1.0,-1.0,-1.0,-1.0,11.02
KZ Okpala,1.517981,1.782621,1.902133,-1.0,-1.0,-1.0,-1.0,-1.0,-1.0,-1.0
Naz Reid,1.517981,1.782621,1.930681,12.9504,13.986432,15.022464,-1.0,-1.0,-1.0,26.936832
Jaylen Nowell,1.517981,1.782621,1.930681,-1.0,-1.0,-1.0,-1.0,-1.0,-1.0,-1.0
Luguentz Dort,1.517981,1.782621,15.277778,15.277778,16.5,17.722222,17.722222,-1.0,-1.0,49.5
Isaiah Roby,1.517981,1.782621,2.330681,2.066585,-1.0,-1.0,-1.0,-1.0,-1.0,-1.0
Admiral Schofield,1.517981,0.723741,0.87794,-1.0,-1.0,-1.0,-1.0,-1.0,-1.0,-1.0
Justin James,1.517981,0.09593,-1.0,-1.0,-1.0,-1.0,-1.0,-1.0,-1.0,-1.0
Terence Davis,1.517981,4.0,4.0,-1.0,-1.0,-1.0,-1.0,-1.0,-1.0,-1.0
Chris Silva,1.517981,0.47965,0.211045,-1.0,-1.0,-1.0,-1.0,-1.0,-1.0,-1.0
Miye Oni,1.517981,0.946261,-1.0,-1.0,-1.0,-1.0,-1.0,-1.0,-1.0,-1.0
Juwan Morgan,1.517981,0.211046,0.57623,0.57623,0.576229,-1.0,-1.0,-1.0,-1.0,1.152459
Matt Thomas,1.517981,1.669178,-1.0,-1.0,-1.0,-1.0,-1.0,-1.0,-1.0,-1.0
Daniel Gafford,1.517981,1.782621,1.930681,12.402,13.39416,14.38632,-1.0,-1.0,-1.0,40.18248
Robert Woodard,1.5,1.619015,0.3,-1.0,-1.0,-1.0,-1.0,-1.0,-1.0,-1.0
Damian Jones,1.487284,1.977011,2.298385,2.586665,-1.0,-1.0,-1.0,-1.0,-1.0,2.586665
JR Smith,1.456667,1.456667,-1.0,-1.0,-1.0,-1.0,-1.0,-1.0,-1.0,-1.0
Jae'Sean Tate,1.445697,1.517981,7.065217,6.5,7.065217,-1.0,-1.0,-1.0,-1.0,6.5
DaQuan Jeffries,1.445697,0.09593,0.799403,2.066585,-1.0,-1.0,-1.0,-1.0,-1.0,-1.0
Kelan Martin,1.445697,0.99376,-1.0,-1.0,-1.0,-1.0,-1.0,-1.0,-1.0,-1.0
Zylan Cheatham,1.445697,0.256734,-1.0,-1.0,-1.0,-1.0,-1.0,-1.0,-1.0,-1.0
Paul Watson,1.445697,0.303102,-1.0,-1.0,-1.0,-1.0,-1.0,-1.0,-1.0,-1.0
Vernon Carey,1.35,1.517981,1.882621,-1.0,-1.0,-1.0,-1.0,-1.0,-1.0,-1.0
Xavier Tillman,1.3,1.517981,1.782621,-1.0,-1.0,-1.0,-1.0,-1.0,-1.0,-1.0
Tyrell Terry,1.289846,1.869438,1.782621,-1.0,-1.0,-1.0,-1.0,-1.0,-1.0,-1.0
Oshae Brissett,1.255493,1.701593,1.846738,2.165,2.463946,-1.0,-1.0,-1.0,-1.0,2.165
Moses Brown,1.25,1.933909,0.824041,-1.0,-1.0,-1.0,-1.0,-1.0,-1.0,-1.0
Sindarius Thornwell,1.235889,-1.0,-1.0,-1.0,-1.0,-1.0,-1.0,-1.0,-1.0,-1.0
Ersan Ilyasova,1.194542,0.151821,-1.0,-1.0,-1.0,-1.0,-1.0,-1.0,-1.0,-1.0
Glenn Robinson III,1.165322,-1.0,-1.0,-1.0,-1.0,-1.0,-1.0,-1.0,-1.0,-1.0
Zhaire Smith,1.0682,1.0682,1.0682,-1.0,-1.0,-1.0,-1.0,-1.0,-1.0,-1.0
Khyri Thomas,1.061283,-1.0,-1.0,-1.0,-1.0,-1.0,-1.0,-1.0,-1.0,-1.0
Guerschon Yabusele,1.03908,-1.0,-1.0,-1.0,-1.0,-1.0,-1.0,-1.0,-1.0,-1.0
Norvel Pelle,1.014905,0.19186,-1.0,-1.0,-1.0,-1.0,-1.0,-1.0,-1.0,-1.0
Nick Richards,1.0,1.517981,1.782621,5.0,5.0,5.0,-1.0,-1.0,-1.0,10.0
Lamar Stevens,1.0,1.517981,1.782621,0.4,-1.0,-1.0,-1.0,-1.0,-1.0,0.4
Jahmi'us Ramsey,1.0,1.517981,-1.0,-1.0,-1.0,-1.0,-1.0,-1.0,-1.0,-1.0
Kyle Singler,0.9992,0.9992,0.9992,-1.0,-1.0,-1.0,-1.0,-1.0,-1.0,-1.0
Juan Toscano-Anderson,0.943963,1.701593,2.133278,-1.0,-1.0,-1.0,-1.0,-1.0,-1.0,-1.0
Shaquille Harrison,0.915048,0.308493,0.134862,-1.0,-1.0,-1.0,-1.0,-1.0,-1.0,-1.0
Chimezie Metu,0.910895,1.762796,1.91086,2.019706,-1.0,-1.0,-1.0,-1.0,-1.0,2.019706
Deividas Sirvydis,0.89831,1.603559,-1.0,-1.0,-1.0,-1.0,-1.0,-1.0,-1.0,-1.0
KJ Martin,0.89831,1.517981,1.782621,-1.0,-1.0,-1.0,-1.0,-1.0,-1.0,-1.0
Daniel Oturu,0.89831,1.603559,-1.0,-1.0,-1.0,-1.0,-1.0,-1.0,-1.0,-1.0
Jordan Nwora,0.89831,1.517981,2.8,3.0,-1.0,-1.0,-1.0,-1.0,-1.0,3.0
Sam Merrill,0.89831,1.517981,1.105522,1.997238,2.164993,-1.0,-1.0,-1.0,-1.0,-1.0
Isaiah Joe,0.89831,1.517981,1.83609,1.997238,2.164993,-1.0,-1.0,-1.0,-1.0,-1.0
CJ Elleby,0.89831,1.517981,-1.0,-1.0,-1.0,-1.0,-1.0,-1.0,-1.0,-1.0
Tre Jones,0.89831,1.517981,1.782621,9.895833,9.104167,-1.0,-1.0,-1.0,-1.0,19.0
Elijah Hughes,0.89831,1.517981,-1.0,-1.0,-1.0,-1.0,-1.0,-1.0,-1.0,-1.0
Anthony Gill,0.89831,1.517981,1.83609,1.997238,-1.0,-1.0,-1.0,-1.0,-1.0,1.997238
Iman Shumpert,0.803044,-1.0,-1.0,-1.0,-1.0,-1.0,-1.0,-1.0,-1.0,-1.0
Theo Pinson,0.802182,0.44071,1.968175,-1.0,-1.0,-1.0,-1.0,-1.0,-1.0,-1.0
Yuta Watanabe,0.737996,1.762796,1.968175,2.346614,2.654644,-1.0,-1.0,-1.0,-1.0,2.346614
Tremont Waters,0.712278,0.19186,-1.0,-1.0,-1.0,-1.0,-1.0,-1.0,-1.0,-1.0
Frank Jackson,0.699115,3.0,0.113114,-1.0,-1.0,-1.0,-1.0,-1.0,-1.0,-1.0
Rayjon Tucker,0.693755,0.220639,-1.0,-1.0,-1.0,-1.0,-1.0,-1.0,-1.0,-1.0
Tyler Cook,0.693141,0.462629,-1.0,-1.0,-1.0,-1.0,-1.0,-1.0,-1.0,-1.0
Garrison Mathews,0.688052,2.0,2.0,2.0,2.230253,-1.0,-1.0,-1.0,-1.0,-1.0
Cole Aldrich,0.68534,-1.0,-1.0,-1.0,-1.0,-1.0,-1.0,-1.0,-1.0,-1.0
Shaun Livingston,0.666666,0.666666,-1.0,-1.0,-1.0,-1.0,-1.0,-1.0,-1.0,-1.0
Gabe Vincent,0.66075,1.669178,1.815677,10.5,11.0,11.5,-1.0,-1.0,-1.0,33.0
Tacko Fall,0.653924,0.218021,-1.0,-1.0,-1.0,-1.0,-1.0,-1.0,-1.0,-1.0
Max Strus,0.647098,1.669178,1.815677,14.487684,15.212068,15.936452,16.660836,-1.0,-1.0,62.29704
Alize Johnson,0.621587,1.00374,0.192293,-1.0,-1.0,-1.0,-1.0,-1.0,-1.0,-1.0
Anthony Tolliver,0.614838,0.151821,-1.0,-1.0,-1.0,-1.0,-1.0,-1.0,-1.0,-1.0
Paul Reed,0.609128,1.517981,1.782621,7.723,7.723,8.10915,-1.0,-1.0,-1.0,7.723
Tim Frazier,0.597463,0.386127,-1.0,-1.0,-1.0,-1.0,-1.0,-1.0,-1.0,-1.0
Jordan Bell,0.592368,0.102831,-1.0,-1.0,-1.0,-1.0,-1.0,-1.0,-1.0,-1.0
Amir Coffey,0.578842,0.573576,3.395062,3.666667,3.938271,-1.0,-1.0,-1.0,-1.0,7.604938
Naji Marshall,0.538391,1.517981,1.782621,1.930681,-1.0,-1.0,-1.0,-1.0,-1.0,1.930681
Kyle Guy,0.537888,0.383079,-1.0,-1.0,-1.0,-1.0,-1.0,-1.0,-1.0,-1.0
Markus Howard,0.535294,0.462629,-1.0,-1.0,-1.0,-1.0,-1.0,-1.0,-1.0,-1.0
Skylar Mays,0.532218,0.510907,0.116574,-1.0,-1.0,-1.0,-1.0,-1.0,-1.0,-1.0
Mamadi Diakite,0.529341,0.869078,0.508891,-1.0,-1.0,-1.0,-1.0,-1.0,-1.0,-1.0
Nathan Knight,0.522989,0.462629,1.83609,-1.0,-1.0,-1.0,-1.0,-1.0,-1.0,-1.0
Jared Harper,0.520487,0.085081,-1.0,-1.0,-1.0,-1.0,-1.0,-1.0,-1.0,-1.0
Saben Lee,0.516836,1.489065,2.26664,-1.0,-1.0,-1.0,-1.0,-1.0,-1.0,-1.0
Jarrell Brantley,0.510586,-1.0,0.105522,-1.0,-1.0,-1.0,-1.0,-1.0,-1.0,-1.0
Jordan McLaughlin,0.50376,2.0,2.16,2.32,-1.0,-1.0,-1.0,-1.0,-1.0,-1.0
Rondae Hollis-Jefferson,0.502957,-1.0,-1.0,-1.0,-1.0,-1.0,-1.0,-1.0,-1.0,-1.0
Reggie Perry,0.489148,0.188272,-1.0,-1.0,-1.0,-1.0,-1.0,-1.0,-1.0,-1.0
Cassius Stanley,0.47069,0.256734,-1.0,-1.0,-1.0,-1.0,-1.0,-1.0,-1.0,-1.0
Trent Forrest,0.47069,0.463211,0.508891,-1.0,-1.0,-1.0,-1.0,-1.0,-1.0,-1.0
Dakari Johnson,0.459414,-1.0,-1.0,-1.0,-1.0,-1.0,-1.0,-1.0,-1.0,-1.0
Chris Chiozza,0.449115,0.462629,-1.0,-1.0,-1.0,-1.0,-1.0,-1.0,-1.0,-1.0
Grant Riller,0.449115,0.162186,-1.0,-1.0,-1.0,-1.0,-1.0,-1.0,-1.0,-1.0
Nate Darling,0.449115,-1.0,0.152082,-1.0,-1.0,-1.0,-1.0,-1.0,-1.0,-1.0
Devon Dotson,0.449115,0.239291,0.16963,-1.0,-1.0,-1.0,-1.0,-1.0,-1.0,-1.0
Adam Mokoka,0.449115,-1.0,-1.0,-1.0,-1.0,-1.0,-1.0,-1.0,-1.0,-1.0
Marques Bolden,0.449115,-1.0,-1.0,-1.0,-1.0,-1.0,-1.0,-1.0,-1.0,-1.0
Tyler Bey,0.449115,-1.0,-1.0,-1.0,-1.0,-1.0,-1.0,-1.0,-1.0,-1.0
Nate Hinton,0.449115,0.096213,-1.0,-1.0,-1.0,-1.0,-1.0,-1.0,-1.0,-1.0
Nico Mannion,0.449115,-1.0,-1.0,-1.0,-1.0,-1.0,-1.0,-1.0,-1.0,-1.0
Jay Scrubb,0.449115,0.462629,0.049719,-1.0,-1.0,-1.0,-1.0,-1.0,-1.0,-1.0
Kostas Antetokounmpo,0.449115,-1.0,0.172555,-1.0,-1.0,-1.0,-1.0,-1.0,-1.0,-1.0
Devontae Cacok,0.449115,0.726128,-1.0,-1.0,-1.0,-1.0,-1.0,-1.0,-1.0,-1.0
Killian Tillie,0.449115,1.901625,1.901625,-1.0,-1.0,-1.0,-1.0,-1.0,-1.0,-1.0
Sean McDermott,0.449115,-1.0,-1.0,-1.0,-1.0,-1.0,-1.0,-1.0,-1.0,-1.0
Jaylen Adams,0.449115,-1.0,-1.0,-1.0,-1.0,-1.0,-1.0,-1.0,-1.0,-1.0
Josh Hall,0.449115,-1.0,-1.0,-1.0,-1.0,-1.0,-1.0,-1.0,-1.0,-1.0
Ty-Shon Alexander,0.449115,-1.0,-1.0,-1.0,-1.0,-1.0,-1.0,-1.0,-1.0,-1.0
Keljin Blevins,0.449115,0.462629,-1.0,-1.0,-1.0,-1.0,-1.0,-1.0,-1.0,-1.0
Quinndary Weatherspoon,0.449115,0.346491,-1.0,-1.0,-1.0,-1.0,-1.0,-1.0,-1.0,-1.0
Keita Bates-Diop,0.449115,1.729217,1.87872,2.346614,2.654644,-1.0,-1.0,-1.0,-1.0,5.001258
Jalen Harris,0.449115,-1.0,-1.0,-1.0,-1.0,-1.0,-1.0,-1.0,-1.0,-1.0
Cassius Winston,0.449115,0.462629,-1.0,-1.0,-1.0,-1.0,-1.0,-1.0,-1.0,-1.0
Yogi Ferrell,0.444149,-1.0,-1.0,-1.0,-1.0,-1.0,-1.0,-1.0,-1.0,-1.0
Noah Vonleh,0.427725,-1.0,1.160955,-1.0,-1.0,-1.0,-1.0,-1.0,-1.0,-1.0
Mason Jones,0.424544,0.295125,-1.0,-1.0,-1.0,-1.0,-1.0,-1.0,-1.0,-1.0
Brodric Thomas,0.412202,0.462629,-1.0,-1.0,-1.0,-1.0,-1.0,-1.0,-1.0,-1.0
Andre Roberson,0.411639,-1.0,-1.0,-1.0,-1.0,-1.0,-1.0,-1.0,-1.0,-1.0
Donta Hall,0.376276,-1.0,-1.0,-1.0,-1.0,-1.0,-1.0,-1.0,-1.0,-1.0
Brian Bowen,0.375321,-1.0,-1.0,-1.0,-1.0,-1.0,-1.0,-1.0,-1.0,-1.0
Anzejs Pasecniks,0.374297,-1.0,-1.0,-1.0,-1.0,-1.0,-1.0,-1.0,-1.0,-1.0
Freddie Gillespie,0.363015,0.221156,-1.0,-1.0,-1.0,-1.0,-1.0,-1.0,-1.0,-1.0
AJ Hammons,0.350087,-1.0,-1.0,-1.0,-1.0,-1.0,-1.0,-1.0,-1.0,-1.0
Karim Mane,0.344557,-1.0,-1.0,-1.0,-1.0,-1.0,-1.0,-1.0,-1.0,-1.0
Will Magnay,0.341481,-1.0,-1.0,-1.0,-1.0,-1.0,-1.0,-1.0,-1.0,-1.0
Greg Whittington,0.332252,-1.0,-1.0,-1.0,-1.0,-1.0,-1.0,-1.0,-1.0,-1.0
Raymond Spalding,0.289156,-1.0,-1.0,-1.0,-1.0,-1.0,-1.0,-1.0,-1.0,-1.0
Chasson Randle,0.279927,-1.0,-1.0,-1.0,-1.0,-1.0,-1.0,-1.0,-1.0,-1.0
Justin Patton,0.267623,-1.0,-1.0,-1.0,-1.0,-1.0,-1.0,-1.0,-1.0,-1.0
Gary Payton II,0.249864,1.669178,8.3,8.715,9.13,-1.0,-1.0,-1.0,-1.0,8.715
Mike James,0.237648,-1.0,-1.0,-1.0,-1.0,-1.0,-1.0,-1.0,-1.0,-1.0
Charlie Brown,0.217844,0.431151,-1.0,-1.0,-1.0,-1.0,-1.0,-1.0,-1.0,-1.0
Anthony Lamb,0.21533,0.136095,0.694878,-1.0,-1.0,-1.0,-1.0,-1.0,-1.0,-1.0
Justin Robinson,0.19804,0.265953,-1.0,-1.0,-1.0,-1.0,-1.0,-1.0,-1.0,-1.0
Axel Toupane,0.196872,-1.0,-1.0,-1.0,-1.0,-1.0,-1.0,-1.0,-1.0,-1.0
Henry Ellenson,0.168983,-1.0,-1.0,-1.0,-1.0,-1.0,-1.0,-1.0,-1.0,-1.0
Ashton Hagans,0.166111,-1.0,-1.0,-1.0,-1.0,-1.0,-1.0,-1.0,-1.0,-1.0
Isaiah Thomas,0.159698,0.910926,-1.0,-1.0,-1.0,-1.0,-1.0,-1.0,-1.0,-1.0
John Henson,0.158907,-1.0,-1.0,-1.0,-1.0,-1.0,-1.0,-1.0,-1.0,-1.0
Armoni Brooks,0.135362,1.739065,0.05,-1.0,-1.0,-1.0,-1.0,-1.0,-1.0,-1.0
Jordan Bone,0.13535,-1.0,-1.0,-1.0,-1.0,-1.0,-1.0,-1.0,-1.0,-1.0
Jaylen Hoard,0.129209,0.19186,-1.0,-1.0,-1.0,-1.0,-1.0,-1.0,-1.0,-1.0
Justin Anderson,0.125,0.445828,-1.0,-1.0,-1.0,-1.0,-1.0,-1.0,-1.0,-1.0
Amida Brimah,0.123056,-1.0,-1.0,-1.0,-1.0,-1.0,-1.0,-1.0,-1.0,-1.0
Didi Louzada,0.123056,1.786878,0.268032,0.268032,0.268032,0.268032,0.268032,0.268032,0.268032,1.608192
Troy Williams,0.122741,0.122741,0.122741,-1.0,-1.0,-1.0,-1.0,-1.0,-1.0,-1.0
James Nunnally,0.107674,-1.0,-1.0,-1.0,-1.0,-1.0,-1.0,-1.0,-1.0,-1.0
Demetrius Jackson,0.092857,0.092857,0.092857,0.092857,-1.0,-1.0,-1.0,-1.0,-1.0,0.092857
Dakota Mathias,0.086132,0.171156,-1.0,-1.0,-1.0,-1.0,-1.0,-1.0,-1.0,-1.0
Malik Fitts,0.061528,0.630874,0.555217,0.555217,0.555216,-1.0,-1.0,-1.0,-1.0,1.110433
Jeremiah Martin,0.058452,-1.0,-1.0,-1.0,-1.0,-1.0,-1.0,-1.0,-1.0,-1.0
Jerian Grant,0.05,-1.0,-1.0,-1.0,-1.0,-1.0,-1.0,-1.0,-1.0,-1.0
Louis King,0.049222,0.316396,0.307089,-1.0,-1.0,-1.0,-1.0,-1.0,-1.0,-1.0
Cameron Oliver,0.04307,0.085578,-1.0,-1.0,-1.0,-1.0,-1.0,-1.0,-1.0,-1.0
Cam Reynolds,0.033299,-1.0,-1.0,-1.0,-1.0,-1.0,-1.0,-1.0,-1.0,-1.0
Tyler Hall,0.025,0.053176,-1.0,-1.0,-1.0,-1.0,-1.0,-1.0,-1.0,-1.0
Andrew White,0.025,-1.0,-1.0,-1.0,-1.0,-1.0,-1.0,-1.0,-1.0,-1.0
Elijah Bryant,0.024611,-1.0,-1.0,-1.0,-1.0,-1.0,-1.0,-1.0,-1.0,-1.0
Caleb Homesley,0.02,-1.0,-1.0,-1.0,-1.0,-1.0,-1.0,-1.0,-1.0,-1.0
Cade Cunningham,-1.0,10.05012,10.5528,11.05536,13.940809,-1.0,-1.0,-1.0,-1.0,11.05536
Jalen Green,-1.0,8.99208,9.44184,9.89148,12.483048,-1.0,-1.0,-1.0,-1.0,9.89148
Evan Mobley,-1.0,8.07516,8.47872,8.88264,11.227657,-1.0,-1.0,-1.0,-1.0,8.88264
Scottie Barnes,-1.0,7.2804,7.6446,8.00868,10.13098,-1.0,-1.0,-1.0,-1.0,8.00868
Jalen Suggs,-1.0,6.59292,6.92232,7.25208,9.188385,-1.0,-1.0,-1.0,-1.0,7.25208
Josh Giddey,-1.0,5.988,6.2874,6.58704,8.352367,-1.0,-1.0,-1.0,-1.0,6.58704
Jonathan Kuminga,-1.0,5.46636,5.73984,6.01284,7.636307,-1.0,-1.0,-1.0,-1.0,6.01284
Franz Wagner,-1.0,5.00784,5.25828,5.50872,7.007092,-1.0,-1.0,-1.0,-1.0,5.50872
Davion Mitchell,-1.0,4.6032,4.8336,5.06364,6.451077,-1.0,-1.0,-1.0,-1.0,5.06364
Ziaire Williams,-1.0,4.37304,4.59168,4.8102,6.133005,-1.0,-1.0,-1.0,-1.0,4.8102
James Bouknight,-1.0,4.1544,4.36224,4.57008,6.064496,-1.0,-1.0,-1.0,-1.0,4.57008
Josh Primo,-1.0,3.9468,4.14432,-1.0,-1.0,-1.0,-1.0,-1.0,-1.0,-1.0
Chris Duarte,-1.0,3.7494,3.93696,4.1244,5.893768,-1.0,-1.0,-1.0,-1.0,4.1244
Moses Moody,-1.0,3.5622,3.74016,3.91848,5.803269,-1.0,-1.0,-1.0,-1.0,3.91848
Corey Kispert,-1.0,3.38364,3.55284,3.72204,5.705887,-1.0,-1.0,-1.0,-1.0,3.72204
Alperen Sengun,-1.0,3.21468,3.37536,3.53628,5.424654,-1.0,-1.0,-1.0,-1.0,3.53628
Trey Murphy,-1.0,3.05376,3.20652,-1.0,-1.0,-1.0,-1.0,-1.0,-1.0,-1.0
Tre Mann,-1.0,2.90124,3.0462,3.1914,4.908373,-1.0,-1.0,-1.0,-1.0,3.1914
Kai Jones,-1.0,2.77056,2.90904,3.04788,4.693735,-1.0,-1.0,-1.0,-1.0,3.04788
Jalen Johnson,-1.0,2.65968,2.79264,2.92536,4.510905,-1.0,-1.0,-1.0,-1.0,2.92536
Keon Johnson,-1.0,2.55324,2.68104,2.80872,4.474291,-1.0,-1.0,-1.0,-1.0,2.80872
Isaiah Jackson,-1.0,2.45124,2.57376,2.69628,4.435381,-1.0,-1.0,-1.0,-1.0,2.69628
Usman Garuba,-1.0,2.35332,2.47116,2.5884,-1.0,-1.0,-1.0,-1.0,-1.0,2.5884
Leandro Bolmaro,-1.0,2.35332,1.7093,-1.0,-1.0,-1.0,-1.0,-1.0,-1.0,-1.0
Josh Christopher,-1.0,2.25924,2.37216,2.4852,4.346615,-1.0,-1.0,-1.0,-1.0,2.4852
Quentin Grimes,-1.0,2.16864,2.277,2.38572,4.296682,-1.0,-1.0,-1.0,-1.0,2.38572
Bones Hyland,-1.0,2.09688,2.20152,2.3064,4.158439,-1.0,-1.0,-1.0,-1.0,2.3064
Cam Thomas,-1.0,2.03628,2.13816,2.24016,4.041249,-1.0,-1.0,-1.0,-1.0,-1.0
Jaden Springer,-1.0,2.02368,2.1252,2.22624,4.018363,-1.0,-1.0,-1.0,-1.0,2.22624
Day'Ron Sharpe,-1.0,2.00916,2.10948,2.21004,3.989122,-1.0,-1.0,-1.0,-1.0,-1.0
Jeremiah Robinson-Earl,-1.0,2.0,2.0,1.9,1.988598,-1.0,-1.0,-1.0,-1.0,-1.0
Santiago Aldama,-1.0,1.99452,2.09412,-1.0,-1.0,-1.0,-1.0,-1.0,-1.0,-1.0
Jose Alvarado,-1.0,1.925406,1.563518,1.836096,1.988598,-1.0,-1.0,-1.0,-1.0,-1.0
Herb Jones,-1.0,1.7,1.785,-1.0,-1.0,-1.0,-1.0,-1.0,-1.0,-1.0
Lance Stephenson,-1.0,1.614825,-1.0,-1.0,-1.0,-1.0,-1.0,-1.0,-1.0,-1.0
Kevin Pangos,-1.0,1.569178,-1.0,-1.0,-1.0,-1.0,-1.0,-1.0,-1.0,-1.0
Isaiah Todd,-1.0,1.5,1.575,1.836096,1.988598,-1.0,-1.0,-1.0,-1.0,1.836096
Omer Yurtseven,-1.0,1.489065,1.752638,2.8,2.66,-1.0,-1.0,-1.0,-1.0,5.46
Duane Washington Jr,-1.0,1.346676,0.628802,-1.0,-1.0,-1.0,-1.0,-1.0,-1.0,-1.0
Aaron Wiggins,-1.0,1.305761,1.563518,1.836096,1.988598,-1.0,-1.0,-1.0,-1.0,-1.0
JT Thor,-1.0,1.25,1.563518,1.836096,1.988598,-1.0,-1.0,-1.0,-1.0,-1.0
Jason Preston,-1.0,1.062303,1.563518,1.836096,-1.0,-1.0,-1.0,-1.0,-1.0,-1.0
Isaiah Livers,-1.0,1.05726,1.563518,1.836096,-1.0,-1.0,-1.0,-1.0,-1.0,1.836096
Ayo Dosunmu,-1.0,0.925258,1.563518,6.481482,7.0,7.518518,-1.0,-1.0,-1.0,21.0
Marko Simonovic,-1.0,0.925258,1.563518,-1.0,-1.0,-1.0,-1.0,-1.0,-1.0,-1.0
Luka Garza,-1.0,0.925258,0.508891,-1.0,-1.0,-1.0,-1.0,-1.0,-1.0,-1.0
BJ Boston,-1.0,0.925258,1.563518,-1.0,-1.0,-1.0,-1.0,-1.0,-1.0,-1.0
Austin Reaves,-1.0,0.925258,1.563518,12.01515,12.976362,13.937574,14.898786,-1.0,-1.0,38.929086
Miles McBride,-1.0,0.925258,1.563518,1.836096,-1.0,-1.0,-1.0,-1.0,-1.0,1.836096
Vit Krejci,-1.0,0.925258,1.563518,-1.0,-1.0,-1.0,-1.0,-1.0,-1.0,-1.0
Charles Bassey,-1.0,0.925258,2.674742,2.6,2.5,2.5,-1.0,-1.0,-1.0,2.6
Greg Brown,-1.0,0.925258,1.563518,-1.0,-1.0,-1.0,-1.0,-1.0,-1.0,-1.0
Jock Landale,-1.0,0.925258,1.563518,8.0,8.0,8.0,8.0,-1.0,-1.0,24.0
Dalano Banton,-1.0,0.925258,1.563518,2.019706,2.19697,-1.0,-1.0,-1.0,-1.0,4.216676
Jared Butler,-1.0,0.925258,1.674655,-1.0,-1.0,-1.0,-1.0,-1.0,-1.0,-1.0
Daishen Nix,-1.0,0.923078,1.563518,-1.0,-1.0,-1.0,-1.0,-1.0,-1.0,-1.0
Terry Taylor,-1.0,0.895125,1.703902,-1.0,-1.0,-1.0,-1.0,-1.0,-1.0,-1.0
Wayne Selden,-1.0,0.812363,-1.0,-1.0,-1.0,-1.0,-1.0,-1.0,-1.0,-1.0
Trendon Watford,-1.0,0.76883,1.563518,1.836096,1.988598,-1.0,-1.0,-1.0,-1.0,3.824694
Ishmail Wainright,-1.0,0.707893,0.980057,-1.0,-1.0,-1.0,-1.0,-1.0,-1.0,-1.0
Sam Hauser,-1.0,0.619498,1.637966,1.927896,2.092344,-1.0,-1.0,-1.0,-1.0,4.02024
Greg Monroe,-1.0,0.612805,-1.0,-1.0,-1.0,-1.0,-1.0,-1.0,-1.0,-1.0
Joe Wieskamp,-1.0,0.563663,2.909261,-1.0,-1.0,-1.0,-1.0,-1.0,-1.0,-1.0
Keifer Sykes,-1.0,0.558345,-1.0,-1.0,-1.0,-1.0,-1.0,-1.0,-1.0,-1.0
Haywood Highsmith,-1.0,0.547701,1.752638,1.902137,-1.0,-1.0,-1.0,-1.0,-1.0,-1.0
Nik Stauskas,-1.0,0.534993,0.702311,0.702311,0.70231,-1.0,-1.0,-1.0,-1.0,1.404621
Davon Reed,-1.0,0.532398,1.902133,-1.0,-1.0,-1.0,-1.0,-1.0,-1.0,-1.0
Georgios Kalaitzakis,-1.0,0.499852,-1.0,-1.0,-1.0,-1.0,-1.0,-1.0,-1.0,-1.0
RJ Nembhard,-1.0,0.491876,-1.0,-1.0,-1.0,-1.0,-1.0,-1.0,-1.0,-1.0
Kessler Edwards,-1.0,0.463211,1.637966,1.927896,-1.0,-1.0,-1.0,-1.0,-1.0,1.927896
Sharife Cooper,-1.0,0.462629,-1.0,-1.0,-1.0,-1.0,-1.0,-1.0,-1.0,-1.0
David Duke,-1.0,0.462629,0.531283,-1.0,-1.0,-1.0,-1.0,-1.0,-1.0,-1.0
Scottie Lewis,-1.0,0.462629,-1.0,-1.0,-1.0,-1.0,-1.0,-1.0,-1.0,-1.0
Arnoldas Kulboka,-1.0,0.462629,-1.0,-1.0,-1.0,-1.0,-1.0,-1.0,-1.0,-1.0
Jamorko Pickett,-1.0,0.462629,-1.0,-1.0,-1.0,-1.0,-1.0,-1.0,-1.0,-1.0
Sean Chris Smith,-1.0,0.462629,-1.0,-1.0,-1.0,-1.0,-1.0,-1.0,-1.0,-1.0
Yves Pons,-1.0,0.462629,-1.0,-1.0,-1.0,-1.0,-1.0,-1.0,-1.0,-1.0
Sandro Mamukelashvili,-1.0,0.462629,1.116112,-1.0,-1.0,-1.0,-1.0,-1.0,-1.0,-1.0
McKinley Wright,-1.0,0.462629,0.508891,-1.0,-1.0,-1.0,-1.0,-1.0,-1.0,-1.0
Jericho Sims,-1.0,0.462629,1.639842,1.927896,2.092344,-1.0,-1.0,-1.0,-1.0,0.6
Neemias Queta,-1.0,0.462629,0.508891,-1.0,-1.0,-1.0,-1.0,-1.0,-1.0,-1.0
David Johnson,-1.0,0.462629,-1.0,-1.0,-1.0,-1.0,-1.0,-1.0,-1.0,-1.0
Justin Champagnie,-1.0,0.462629,0.853241,-1.0,-1.0,-1.0,-1.0,-1.0,-1.0,-1.0
Joel Ayayi,-1.0,0.462629,-1.0,-1.0,-1.0,-1.0,-1.0,-1.0,-1.0,-1.0
Sam Dekker,-1.0,0.35,-1.0,-1.0,-1.0,-1.0,-1.0,-1.0,-1.0,-1.0
Malcolm Hill,-1.0,0.324373,0.508891,-1.0,-1.0,-1.0,-1.0,-1.0,-1.0,-1.0
Jeff Dowtin,-1.0,0.305761,0.508891,2.019706,-1.0,-1.0,-1.0,-1.0,-1.0,2.019706
Trevelin Queen,-1.0,0.303102,0.838891,-1.0,-1.0,-1.0,-1.0,-1.0,-1.0,-1.0
Myles Powell,-1.0,0.300443,-1.0,-1.0,-1.0,-1.0,-1.0,-1.0,-1.0,-1.0
Eugene Omoruyi,-1.0,0.281831,1.013119,-1.0,-1.0,-1.0,-1.0,-1.0,-1.0,-1.0
Brandon Knight,-1.0,0.274672,-1.0,-1.0,-1.0,-1.0,-1.0,-1.0,-1.0,-1.0
Ja'Vonte Smart,-1.0,0.265878,-1.0,-1.0,-1.0,-1.0,-1.0,-1.0,-1.0,-1.0
Marcus Garrett,-1.0,0.236632,-1.0,-1.0,-1.0,-1.0,-1.0,-1.0,-1.0,-1.0
Lindell Wigginton,-1.0,0.233973,0.099438,-1.0,-1.0,-1.0,-1.0,-1.0,-1.0,-1.0
Jay Huff,-1.0,0.225997,0.116986,-1.0,-1.0,-1.0,-1.0,-1.0,-1.0,-1.0
Olivier Sarr,-1.0,0.223339,0.257371,-1.0,-1.0,-1.0,-1.0,-1.0,-1.0,-1.0
Aaron Henry,-1.0,0.223338,-1.0,-1.0,-1.0,-1.0,-1.0,-1.0,-1.0,-1.0
JaQuori McLaughlin,-1.0,0.220679,-1.0,-1.0,-1.0,-1.0,-1.0,-1.0,-1.0,-1.0
Petr Cornelie,-1.0,0.218021,-1.0,-1.0,-1.0,-1.0,-1.0,-1.0,-1.0,-1.0
Xavier Moon,-1.0,0.202069,0.116986,-1.0,-1.0,-1.0,-1.0,-1.0,-1.0,-1.0
Tyrone Wallace,-1.0,0.19876,-1.0,-1.0,-1.0,-1.0,-1.0,-1.0,-1.0,-1.0
Devin Cannady,-1.0,0.185578,-1.0,-1.0,-1.0,-1.0,-1.0,-1.0,-1.0,-1.0
Brandon Williams,-1.0,0.180798,-1.0,-1.0,-1.0,-1.0,-1.0,-1.0,-1.0,-1.0
Moses Wright,-1.0,0.172821,-1.0,-1.0,-1.0,-1.0,-1.0,-1.0,-1.0,-1.0
DeJon Jarreau,-1.0,0.172821,-1.0,-1.0,-1.0,-1.0,-1.0,-1.0,-1.0,-1.0
Matt Mooney,-1.0,0.171156,-1.0,-1.0,-1.0,-1.0,-1.0,-1.0,-1.0,-1.0
Daulton Hommes,-1.0,0.167504,-1.0,-1.0,-1.0,-1.0,-1.0,-1.0,-1.0,-1.0
Lindy Waters III,-1.0,0.159527,2.316876,-1.0,-1.0,-1.0,-1.0,-1.0,-1.0,-1.0
CJ Miles,-1.0,0.151821,-1.0,-1.0,-1.0,-1.0,-1.0,-1.0,-1.0,-1.0
Joe Johnson,-1.0,0.151821,-1.0,-1.0,-1.0,-1.0,-1.0,-1.0,-1.0,-1.0
Darren Collison,-1.0,0.151821,-1.0,-1.0,-1.0,-1.0,-1.0,-1.0,-1.0,-1.0
Chaundee Brown,-1.0,0.151552,-1.0,-1.0,-1.0,-1.0,-1.0,-1.0,-1.0,-1.0
Xavier Sneed,-1.0,0.146233,0.10291,-1.0,-1.0,-1.0,-1.0,-1.0,-1.0,-1.0
Mario Chalmers,-1.0,0.138019,-1.0,-1.0,-1.0,-1.0,-1.0,-1.0,-1.0,-1.0
Braxton Key,-1.0,0.127622,0.201802,-1.0,-1.0,-1.0,-1.0,-1.0,-1.0,-1.0
Feron Hunt,-1.0,0.116987,0.13161,-1.0,-1.0,-1.0,-1.0,-1.0,-1.0,-1.0
Mac McClung,-1.0,0.11167,0.160856,-1.0,-1.0,-1.0,-1.0,-1.0,-1.0,-1.0
Matt Ryan,-1.0,0.111669,0.806097,-1.0,-1.0,-1.0,-1.0,-1.0,-1.0,-1.0
Emmanuel Mudiay,-1.0,0.111457,-1.0,-1.0,-1.0,-1.0,-1.0,-1.0,-1.0,-1.0
Carlik Jones,-1.0,0.106352,0.612162,1.927896,2.092344,-1.0,-1.0,-1.0,-1.0,-1.0
Hassani Gravett,-1.0,0.106352,-1.0,-1.0,-1.0,-1.0,-1.0,-1.0,-1.0,-1.0
Paris Bass,-1.0,0.106352,-1.0,-1.0,-1.0,-1.0,-1.0,-1.0,-1.0,-1.0
Cheick Diallo,-1.0,0.102831,-1.0,-1.0,-1.0,-1.0,-1.0,-1.0,-1.0,-1.0
DJ Stewart,-1.0,0.101034,-1.0,-1.0,-1.0,-1.0,-1.0,-1.0,-1.0,-1.0
Derrick Walton,-1.0,0.09593,-1.0,-1.0,-1.0,-1.0,-1.0,-1.0,-1.0,-1.0
Scotty Hopson,-1.0,0.09593,-1.0,-1.0,-1.0,-1.0,-1.0,-1.0,-1.0,-1.0
BJ Johnson,-1.0,0.09593,-1.0,-1.0,-1.0,-1.0,-1.0,-1.0,-1.0,-1.0
Jaylen Morris,-1.0,0.09593,-1.0,-1.0,-1.0,-1.0,-1.0,-1.0,-1.0,-1.0
Malik Newman,-1.0,0.085578,-1.0,-1.0,-1.0,-1.0,-1.0,-1.0,-1.0,-1.0
George King,-1.0,0.085578,-1.0,-1.0,-1.0,-1.0,-1.0,-1.0,-1.0,-1.0
Jemerrio Jones,-1.0,0.085578,-1.0,-1.0,-1.0,-1.0,-1.0,-1.0,-1.0,-1.0
Emanuel Terry,-1.0,0.085578,-1.0,-1.0,-1.0,-1.0,-1.0,-1.0,-1.0,-1.0
Gabriel Lundberg,-1.0,0.079764,-1.0,-1.0,-1.0,-1.0,-1.0,-1.0,-1.0,-1.0
Anthony Barber,-1.0,0.053176,-1.0,-1.0,-1.0,-1.0,-1.0,-1.0,-1.0,-1.0
Malik Ellison,-1.0,0.053176,-1.0,-1.0,-1.0,-1.0,-1.0,-1.0,-1.0,-1.0
Justin Tillman,-1.0,0.053176,-1.0,-1.0,-1.0,-1.0,-1.0,-1.0,-1.0,-1.0
Tre Scott,-1.0,0.053176,-1.0,-1.0,-1.0,-1.0,-1.0,-1.0,-1.0,-1.0
Trayvon Palmer,-1.0,0.053176,-1.0,-1.0,-1.0,-1.0,-1.0,-1.0,-1.0,-1.0
Micah Potter,-1.0,0.053176,0.508891,-1.0,-1.0,-1.0,-1.0,-1.0,-1.0,-1.0
Jaysean Paige,-1.0,0.053176,-1.0,-1.0,-1.0,-1.0,-1.0,-1.0,-1.0,-1.0
Ahmad Caver,-1.0,0.053176,-1.0,-1.0,-1.0,-1.0,-1.0,-1.0,-1.0,-1.0
Shaq Buchanan,-1.0,0.053176,-1.0,-1.0,-1.0,-1.0,-1.0,-1.0,-1.0,-1.0
Jon Teske,-1.0,0.053176,-1.0,-1.0,-1.0,-1.0,-1.0,-1.0,-1.0,-1.0
Aric Holman,-1.0,0.053176,-1.0,-1.0,-1.0,-1.0,-1.0,-1.0,-1.0,-1.0
Javin DeLaurier,-1.0,0.053176,-1.0,-1.0,-1.0,-1.0,-1.0,-1.0,-1.0,-1.0
Rob Edwards,-1.0,0.053176,-1.0,-1.0,-1.0,-1.0,-1.0,-1.0,-1.0,-1.0
Aleem Ford,-1.0,0.053176,-1.0,-1.0,-1.0,-1.0,-1.0,-1.0,-1.0,-1.0
MJ Walker,-1.0,0.053176,-1.0,-1.0,-1.0,-1.0,-1.0,-1.0,-1.0,-1.0
Cameron McGriff,-1.0,0.053176,-1.0,-1.0,-1.0,-1.0,-1.0,-1.0,-1.0,-1.0
Jarron Cumberland,-1.0,0.053176,-1.0,-1.0,-1.0,-1.0,-1.0,-1.0,-1.0,-1.0
Ade Murkey,-1.0,0.053176,-1.0,-1.0,-1.0,-1.0,-1.0,-1.0,-1.0,-1.0
Jordan Schakel,-1.0,0.053176,0.096514,-1.0,-1.0,-1.0,-1.0,-1.0,-1.0,-1.0
Jordan Goodwin,-1.0,0.053176,1.280206,1.927896,2.092344,-1.0,-1.0,-1.0,-1.0,-1.0
Craig Sword,-1.0,0.053176,-1.0,-1.0,-1.0,-1.0,-1.0,-1.0,-1.0,-1.0
Jaime Echenique,-1.0,0.053176,-1.0,-1.0,-1.0,-1.0,-1.0,-1.0,-1.0,-1.0
Zavier Simpson,-1.0,0.037223,-1.0,-1.0,-1.0,-1.0,-1.0,-1.0,-1.0,-1.0
Melvin Frazier,-1.0,0.013294,-1.0,-1.0,-1.0,-1.0,-1.0,-1.0,-1.0,-1.0
Paolo Banchero,-1.0,-1.0,11.05512,11.60808,12.1608,15.334769,-1.0,-1.0,-1.0,11.60808
Chet Holmgren,-1.0,-1.0,9.89124,10.386,10.88064,13.731368,-1.0,-1.0,-1.0,10.386
Jabari Smith,-1.0,-1.0,8.88264,-1.0,-1.0,-1.0,-1.0,-1.0,-1.0,-1.0
Keegan Murray,-1.0,-1.0,8.00844,8.409,8.80956,11.144093,-1.0,-1.0,-1.0,8.409
Jaden Ivey,-1.0,-1.0,7.2522,7.61448,7.97724,10.107163,-1.0,-1.0,-1.0,7.61448
Bennedict Mathurin,-1.0,-1.0,6.5868,6.91608,7.24572,9.187573,-1.0,-1.0,-1.0,6.91608
Shaedon Sharpe,-1.0,-1.0,6.01296,6.3138,6.61416,8.399983,-1.0,-1.0,-1.0,6.3138
Dyson Daniels,-1.0,-1.0,5.5086,5.78412,6.05952,7.707709,-1.0,-1.0,-1.0,5.78412
Jeremy Sochan,-1.0,-1.0,5.06352,5.31696,5.57004,7.096231,-1.0,-1.0,-1.0,5.31696
Johnny Davis,-1.0,-1.0,4.81032,5.0508,5.29116,6.746229,-1.0,-1.0,-1.0,5.0508
Ousmane Dieng,-1.0,-1.0,4.56984,4.79844,5.02704,6.670882,-1.0,-1.0,-1.0,4.79844
Jalen Williams,-1.0,-1.0,4.34148,4.55868,4.77576,6.580997,-1.0,-1.0,-1.0,4.55868
Jalen Duren,-1.0,-1.0,4.12428,4.33068,4.53684,6.483144,-1.0,-1.0,-1.0,4.33068
Ochai Agbaji,-1.0,-1.0,3.91836,4.1142,4.31028,6.383525,-1.0,-1.0,-1.0,4.1142
Mark Williams,-1.0,-1.0,3.72204,3.90816,4.09428,6.276531,-1.0,-1.0,-1.0,3.90816
AJ Griffin,-1.0,-1.0,3.53616,3.71292,3.88992,5.967137,-1.0,-1.0,-1.0,3.71292
Tari Eason,-1.0,-1.0,3.35916,3.52716,3.69516,5.675766,-1.0,-1.0,-1.0,3.52716
Simone Fontecchio,-1.0,-1.0,3.205128,3.044872,-1.0,-1.0,-1.0,-1.0,-1.0,3.044872
Dalen Terry,-1.0,-1.0,3.1914,3.35076,3.51048,5.399118,-1.0,-1.0,-1.0,3.35076
Jake LaRavia,-1.0,-1.0,3.04764,3.19992,3.35268,5.163127,-1.0,-1.0,-1.0,3.19992
Malaki Branham,-1.0,-1.0,2.9256,3.07188,3.21792,4.962033,-1.0,-1.0,-1.0,3.07188
Christian Braun,-1.0,-1.0,2.8086,2.94912,3.08964,4.921797,-1.0,-1.0,-1.0,2.94912
Walker Kessler,-1.0,-1.0,2.6964,2.83116,2.96592,4.878938,-1.0,-1.0,-1.0,2.83116
David Roddy,-1.0,-1.0,2.58864,2.71824,2.84724,4.831766,-1.0,-1.0,-1.0,2.71824
MarJon Beauchamp,-1.0,-1.0,2.4852,2.6094,2.73372,4.781276,-1.0,-1.0,-1.0,2.6094
Blake Wesley,-1.0,-1.0,2.38548,2.50464,2.62428,4.726328,-1.0,-1.0,-1.0,2.50464
Wendell Moore,-1.0,-1.0,2.30652,-1.0,-1.0,-1.0,-1.0,-1.0,-1.0,-1.0
Andrew Nembhard,-1.0,-1.0,2.244111,2.131905,2.019699,2.187451,-1.0,-1.0,-1.0,4.151604
Nikola Jovic,-1.0,-1.0,2.23992,2.352,2.4642,4.445417,-1.0,-1.0,-1.0,2.352
Patrick Baldwin,-1.0,-1.0,2.226,-1.0,-1.0,-1.0,-1.0,-1.0,-1.0,-1.0
TyTy Washington,-1.0,-1.0,2.21004,-1.0,-1.0,-1.0,-1.0,-1.0,-1.0,-1.0
Peyton Watson,-1.0,-1.0,2.19396,2.30352,2.41356,4.356476,-1.0,-1.0,-1.0,2.30352
Jaylin Williams,-1.0,-1.0,2.0,2.0,2.019699,2.187451,-1.0,-1.0,-1.0,2.0
Caleb Houstan,-1.0,-1.0,2.0,2.0,2.019699,2.187699,-1.0,-1.0,-1.0,2.0
Kenneth Lofton,-1.0,-1.0,1.505966,-1.0,-1.0,-1.0,-1.0,-1.0,-1.0,-1.0
Christian Koloko,-1.0,-1.0,1.5,1.719864,2.019699,-1.0,-1.0,-1.0,-1.0,1.719864
Bryce McGowens,-1.0,-1.0,1.461055,1.719864,2.019699,2.187451,-1.0,-1.0,-1.0,1.719864
Kennedy Chandler,-1.0,-1.0,1.2,1.719864,2.019699,-1.0,-1.0,-1.0,-1.0,3.739563
Tyrese Martin,-1.0,-1.0,1.017781,-1.0,-1.0,-1.0,-1.0,-1.0,-1.0,-1.0
Jaden Hardy,-1.0,-1.0,1.017781,1.719864,2.019699,-1.0,-1.0,-1.0,-1.0,2.119864
Ryan Rollins,-1.0,-1.0,1.017781,1.719864,2.019699,-1.0,-1.0,-1.0,-1.0,1.719864
Max Christie,-1.0,-1.0,1.017781,1.719864,-1.0,-1.0,-1.0,-1.0,-1.0,1.719864
Josh Minott,-1.0,-1.0,1.017781,1.719864,2.019699,2.187451,-1.0,-1.0,-1.0,1.719864
Jabari Walker,-1.0,-1.0,1.017781,1.719864,2.019699,-1.0,-1.0,-1.0,-1.0,0.4
Trevor Keels,-1.0,-1.0,0.520589,-1.0,-1.0,-1.0,-1.0,-1.0,-1.0,-1.0
Dereon Seabron,-1.0,-1.0,0.511816,-1.0,-1.0,-1.0,-1.0,-1.0,-1.0,-1.0
JD Davison,-1.0,-1.0,0.508891,-1.0,-1.0,-1.0,-1.0,-1.0,-1.0,-1.0
Isaiah Mobley,-1.0,-1.0,0.508891,-1.0,-1.0,-1.0,-1.0,-1.0,-1.0,-1.0
Jack White,-1.0,-1.0,0.508891,1.801769,2.120693,-1.0,-1.0,-1.0,-1.0,3.922462
Collin Gillespie,-1.0,-1.0,0.508891,-1.0,-1.0,-1.0,-1.0,-1.0,-1.0,-1.0
Buddy Boeheim,-1.0,-1.0,0.508891,-1.0,-1.0,-1.0,-1.0,-1.0,-1.0,-1.0
Darius Days,-1.0,-1.0,0.508891,-1.0,-1.0,-1.0,-1.0,-1.0,-1.0,-1.0
Trevor Hudgins,-1.0,-1.0,0.508891,-1.0,-1.0,-1.0,-1.0,-1.0,-1.0,-1.0
Kendall Brown,-1.0,-1.0,0.508891,-1.0,-1.0,-1.0,-1.0,-1.0,-1.0,-1.0
Moussa Diabate,-1.0,-1.0,0.508891,-1.0,-1.0,-1.0,-1.0,-1.0,-1.0,-1.0
Scottie Pippen Jr,-1.0,-1.0,0.508891,-1.0,-1.0,-1.0,-1.0,-1.0,-1.0,-1.0
Cole Swider,-1.0,-1.0,0.508891,-1.0,-1.0,-1.0,-1.0,-1.0,-1.0,-1.0
Vince Williams Jr,-1.0,-1.0,0.508891,-1.0,-1.0,-1.0,-1.0,-1.0,-1.0,-1.0
Jamal Cain,-1.0,-1.0,0.508891,-1.0,-1.0,-1.0,-1.0,-1.0,-1.0,-1.0
AJ Green,-1.0,-1.0,0.508891,1.901769,2.120693,2.301587,-1.0,-1.0,-1.0,1.901769
EJ Liddell,-1.0,-1.0,0.508891,1.801769,2.120693,2.301587,-1.0,-1.0,-1.0,3.922462
Kevon Harris,-1.0,-1.0,0.508891,-1.0,-1.0,-1.0,-1.0,-1.0,-1.0,-1.0
Keon Ellis,-1.0,-1.0,0.508891,-1.0,-1.0,-1.0,-1.0,-1.0,-1.0,-1.0
Dominick Barlow,-1.0,-1.0,0.508891,-1.0,-1.0,-1.0,-1.0,-1.0,-1.0,-1.0
Julian Champagnie,-1.0,-1.0,0.508891,3.0,3.0,3.0,3.0,-1.0,-1.0,3.0
Ron Harper Jr,-1.0,-1.0,0.508891,-1.0,-1.0,-1.0,-1.0,-1.0,-1.0,-1.0
Johnny Juzang,-1.0,-1.0,0.508891,-1.0,-1.0,-1.0,-1.0,-1.0,-1.0,-1.0
John Butler,-1.0,-1.0,0.503041,-1.0,-1.0,-1.0,-1.0,-1.0,-1.0,-1.0
Chima Moneke,-1.0,-1.0,0.5,-1.0,-1.0,-1.0,-1.0,-1.0,-1.0,-1.0
Orlando Robinson,-1.0,-1.0,0.386055,1.801769,2.120693,-1.0,-1.0,-1.0,-1.0,1.801769
Dru Smith,-1.0,-1.0,0.374357,-1.0,-1.0,-1.0,-1.0,-1.0,-1.0,-1.0
AJ Lawson,-1.0,-1.0,0.371432,-1.0,-1.0,-1.0,-1.0,-1.0,-1.0,-1.0
Jared Rhoden,-1.0,-1.0,0.307089,-1.0,-1.0,-1.0,-1.0,-1.0,-1.0,-1.0
Alondes Williams,-1.0,-1.0,0.254446,-1.0,-1.0,-1.0,-1.0,-1.0,-1.0,-1.0
Donovan Williams,-1.0,-1.0,0.239822,-1.0,-1.0,-1.0,-1.0,-1.0,-1.0,-1.0
Quenton Jackson,-1.0,-1.0,0.21963,-1.0,-1.0,-1.0,-1.0,-1.0,-1.0,-1.0
Tyler Dorsey,-1.0,-1.0,0.201802,-1.0,-1.0,-1.0,-1.0,-1.0,-1.0,-1.0
Jordan Hall,-1.0,-1.0,0.193027,-1.0,-1.0,-1.0,-1.0,-1.0,-1.0,-1.0
Keaton Wallace,-1.0,-1.0,0.140384,-1.0,-1.0,-1.0,-1.0,-1.0,-1.0,-1.0
Xavier Cooks,-1.0,-1.0,0.140384,1.719864,2.019699,2.187451,-1.0,-1.0,-1.0,1.719864
Lester Quinones,-1.0,-1.0,0.129405,-1.0,-1.0,-1.0,-1.0,-1.0,-1.0,-1.0
Jamaree Bouyea,-1.0,-1.0,0.116986,-1.0,-1.0,-1.0,-1.0,-1.0,-1.0,-1.0
Michael Foster,-1.0,-1.0,0.106288,-1.0,-1.0,-1.0,-1.0,-1.0,-1.0,-1.0
Deonte Burton,-1.0,-1.0,0.105522,-1.0,-1.0,-1.0,-1.0,-1.0,-1.0,-1.0
Justin Lewis,-1.0,-1.0,0.102363,-1.0,-1.0,-1.0,-1.0,-1.0,-1.0,-1.0
Stanley Umude,-1.0,-1.0,0.058493,-1.0,-1.0,-1.0,-1.0,-1.0,-1.0,-1.0
Jeenathan Williams,-1.0,-1.0,0.052644,-1.0,-1.0,-1.0,-1.0,-1.0,-1.0,-1.0
DJ Steward,-1.0,-1.0,0.05,-1.0,-1.0,-1.0,-1.0,-1.0,-1.0,-1.0
Justin Minaya,-1.0,-1.0,0.035096,-1.0,-1.0,-1.0,-1.0,-1.0,-1.0,-1.0
Kobi Simmons,-1.0,-1.0,0.032795,2.066585,-1.0,-1.0,-1.0,-1.0,-1.0,-1.0
Gabe York,-1.0,-1.0,0.032171,-1.0,-1.0,-1.0,-1.0,-1.0,-1.0,-1.0
Ibou Badji,-1.0,-1.0,0.018226,-1.0,-1.0,-1.0,-1.0,-1.0,-1.0,-1.0
RaiQuan Gray,-1.0,-1.0,0.005849,-1.0,-1.0,-1.0,-1.0,-1.0,-1.0,-1.0
Jacob Gilyard,-1.0,-1.0,0.005849,-1.0,-1.0,-1.0,-1.0,-1.0,-1.0,-1.0
Michael Porter Jr,-1.0,-1.0,-1.0,33.38685,35.85995,38.33305,40.80615,-1.0,-1.0,119.57985
Kevin Porter Jr,-1.0,-1.0,-1.0,15.86,15.86,15.86,15.86,-1.0,-1.0,15.86
Wendell Carter Jr,-1.0,-1.0,-1.0,13.05,11.95,10.85,-1.0,-1.0,-1.0,35.85
Marvin Bagley III,-1.0,-1.0,-1.0,12.5,12.5,-1.0,-1.0,-1.0,-1.0,25.0
Dennis Schroder,-1.0,-1.0,-1.0,12.405,13.02525,-1.0,-1.0,-1.0,-1.0,25.43025
Victor Wembanyama,-1.0,-1.0,-1.0,12.16068,12.76896,13.37688,16.868246,-1.0,-1.0,24.92964
Devonte' Graham,-1.0,-1.0,-1.0,12.1,12.65,-1.0,-1.0,-1.0,-1.0,14.95
Herbert Jones,-1.0,-1.0,-1.0,12.01515,12.976362,13.937574,14.898786,-1.0,-1.0,53.827872
Brandon Miller,-1.0,-1.0,-1.0,10.8804,11.4246,11.9688,15.104626,-1.0,-1.0,22.305
Scoot Henderson,-1.0,-1.0,-1.0,9.77088,10.25916,10.74804,13.585523,-1.0,-1.0,20.03004
Nic Claxton,-1.0,-1.0,-1.0,9.625,-1.0,-1.0,-1.0,-1.0,-1.0,9.625
Jabari Smith Jr,-1.0,-1.0,-1.0,9.32652,9.77088,12.350392,-1.0,-1.0,-1.0,9.32652
Amen Thompson,-1.0,-1.0,-1.0,8.80932,9.24996,9.6906,12.258609,-1.0,-1.0,18.05928
Ausar Thompson,-1.0,-1.0,-1.0,7.97748,8.376,8.775,11.117925,-1.0,-1.0,16.35348
Vasilije Micic,-1.0,-1.0,-1.0,7.723,7.723,8.10915,-1.0,-1.0,-1.0,23.55515
Anthony Black,-1.0,-1.0,-1.0,7.24548,7.60776,7.97028,10.106316,-1.0,-1.0,14.85324
Patty Mills,-1.0,-1.0,-1.0,6.80295,-1.0,-1.0,-1.0,-1.0,-1.0,6.80295
Bilal Coulibaly,-1.0,-1.0,-1.0,6.61428,6.94524,7.2756,9.240012,-1.0,-1.0,13.55952
Sasha Vezenkov,-1.0,-1.0,-1.0,6.341464,6.658536,6.975609,-1.0,-1.0,-1.0,13.0
Otto Porter Jr,-1.0,-1.0,-1.0,6.3,-1.0,-1.0,-1.0,-1.0,-1.0,6.3
Jarace Walker,-1.0,-1.0,-1.0,6.05952,6.36252,6.66552,8.478542,-1.0,-1.0,12.42204
Kira Lewis Jr,-1.0,-1.0,-1.0,5.722116,-1.0,-1.0,-1.0,-1.0,-1.0,5.722116
Taylor Hendricks,-1.0,-1.0,-1.0,5.56992,5.84868,6.12708,7.8059,-1.0,-1.0,11.4186
Cason Wallace,-1.0,-1.0,-1.0,5.2914,5.55588,5.82024,7.420806,-1.0,-1.0,10.84728
Jett Howard,-1.0,-1.0,-1.0,5.0268,5.27832,5.52972,7.337939,-1.0,-1.0,10.30512
Dereck Lively II,-1.0,-1.0,-1.0,4.77564,5.01456,5.25336,7.239131,-1.0,-1.0,9.7902
Gradey Dick,-1.0,-1.0,-1.0,4.53672,4.76376,4.99056,7.131511,-1.0,-1.0,9.30048
Joshua Primo,-1.0,-1.0,-1.0,4.3416,-1.0,-1.0,-1.0,-1.0,-1.0,4.3416
Danuel House Jr,-1.0,-1.0,-1.0,4.31025,-1.0,-1.0,-1.0,-1.0,-1.0,4.31025
Jordan Hawkins,-1.0,-1.0,-1.0,4.31016,4.52568,4.74132,7.021895,-1.0,-1.0,8.83584
Kobe Bufkin,-1.0,-1.0,-1.0,4.09428,4.299,4.50372,6.904203,-1.0,-1.0,8.39328
Troy Brown Jr,-1.0,-1.0,-1.0,4.0,4.0,-1.0,-1.0,-1.0,-1.0,4.0
Keyonte George,-1.0,-1.0,-1.0,3.8898,4.0842,4.27896,6.563925,-1.0,-1.0,7.974
Jalen Hood-Schifino,-1.0,-1.0,-1.0,3.69504,3.87984,4.06464,6.243288,-1.0,-1.0,7.57488
Jaime Jaquez Jr,-1.0,-1.0,-1.0,3.5106,3.6858,3.8616,5.939141,-1.0,-1.0,7.1964
Derrick Jones Jr,-1.0,-1.0,-1.0,3.36,-1.0,-1.0,-1.0,-1.0,-1.0,-1.0
Trey Murphy III,-1.0,-1.0,-1.0,3.35928,5.159854,-1.0,-1.0,-1.0,-1.0,3.35928
Brandin Podziemski,-1.0,-1.0,-1.0,3.35244,3.51996,3.68796,5.679459,-1.0,-1.0,6.8724
Cam Whitmore,-1.0,-1.0,-1.0,3.21816,3.37908,3.53976,5.45831,-1.0,-1.0,6.59724
Noah Clowney,-1.0,-1.0,-1.0,3.08952,3.24408,3.39864,5.414034,-1.0,-1.0,6.3336
Dariq Whitehead,-1.0,-1.0,-1.0,2.96604,3.11424,3.26256,5.366912,-1.0,-1.0,6.08028
Kris Murray,-1.0,-1.0,-1.0,2.84748,2.99004,3.132,5.315004,-1.0,-1.0,5.83752
Olivier-Maxence Prosper,-1.0,-1.0,-1.0,2.73372,2.8704,3.00708,5.259383,-1.0,-1.0,5.60412
Marcus Sasser,-1.0,-1.0,-1.0,2.62404,2.75508,2.88672,5.198983,-1.0,-1.0,5.37912
Ben Sheppard,-1.0,-1.0,-1.0,2.53716,2.66388,2.79072,5.031669,-1.0,-1.0,5.20104
Nick Smith Jr,-1.0,-1.0,-1.0,2.46396,2.5872,2.71068,4.890067,-1.0,-1.0,5.05116
Brice Sensabaugh,-1.0,-1.0,-1.0,2.4486,2.57148,2.69376,4.862237,-1.0,-1.0,5.02008
Julian Strawther,-1.0,-1.0,-1.0,2.43108,2.55252,2.6742,4.826931,-1.0,-1.0,4.9836
Wendell Moore Jr,-1.0,-1.0,-1.0,2.42172,2.53704,4.574283,-1.0,-1.0,-1.0,2.42172
Kobe Brown,-1.0,-1.0,-1.0,2.41332,2.53392,2.65488,4.792059,-1.0,-1.0,4.94724
Patrick Baldwin Jr,-1.0,-1.0,-1.0,2.33772,2.44884,4.420156,-1.0,-1.0,-1.0,2.33772
TyTy Washington Jr,-1.0,-1.0,-1.0,2.32044,-1.0,-1.0,-1.0,-1.0,-1.0,2.32044
Santi Aldama,-1.0,-1.0,-1.0,2.1942,3.960531,-1.0,-1.0,-1.0,-1.0,2.1942
Colby Jones,-1.0,-1.0,-1.0,2.019706,2.120693,2.221677,2.406205,-1.0,-1.0,4.140399
Lonnie Walker IV,-1.0,-1.0,-1.0,2.019706,-1.0,-1.0,-1.0,-1.0,-1.0,2.019706
Dennis Smith Jr,-1.0,-1.0,-1.0,2.019706,-1.0,-1.0,-1.0,-1.0,-1.0,2.019706
Xavier Tillman Sr,-1.0,-1.0,-1.0,1.930681,-1.0,-1.0,-1.0,-1.0,-1.0,1.930681
Kenyon Martin Jr,-1.0,-1.0,-1.0,1.930681,-1.0,-1.0,-1.0,-1.0,-1.0,1.930681
Ish Wainright,-1.0,-1.0,-1.0,1.927896,-1.0,-1.0,-1.0,-1.0,-1.0,1.927896
Brandon Boston Jr,-1.0,-1.0,-1.0,1.836096,-1.0,-1.0,-1.0,-1.0,-1.0,1.836096
Kenneth Lofton Jr,-1.0,-1.0,-1.0,1.719864,2.019699,2.187451,-1.0,-1.0,-1.0,1.719864
Julian Phillips,-1.0,-1.0,-1.0,1.6,1.891857,2.221677,2.406205,-1.0,-1.0,5.713534
Jordan Walsh,-1.0,-1.0,-1.0,1.119563,1.891857,2.221677,2.406205,-1.0,-1.0,3.21142
Rayan Rupert,-1.0,-1.0,-1.0,1.119563,1.891857,2.221677,-1.0,-1.0,-1.0,3.01142
Mouhamed Gueye,-1.0,-1.0,-1.0,1.119563,1.891857,2.221677,2.406205,-1.0,-1.0,3.01142
